2026-06-16 13:22:25,483 [Worker-5: Loading available Gradle versions] INFO  o.e.b.c.i.u.g.PublishedGradleVersions - Gradle version information cache is not available. Remote download required.
2026-06-16 13:26:34,206 [Worker-11: Import Getting Started Content] INFO  o.e.m.c.i.e.AbstractTransferListenerAdapter - Downloading https://repo.spring.io/snapshot/org/springframework/boot/spring-boot-starter-parent/4.1.1-SNAPSHOT/maven-metadata.xml
2026-06-16 13:26:34,237 [Worker-11: Import Getting Started Content] INFO  o.e.m.c.i.e.AbstractTransferListenerAdapter - Downloaded https://repo.spring.io/snapshot/org/springframework/boot/spring-boot-starter-parent/4.1.1-SNAPSHOT/maven-metadata.xml
2026-06-16 13:26:34,280 [Worker-11: Import Getting Started Content] INFO  o.e.m.c.i.e.AbstractTransferListenerAdapter - Downloading https://repo.spring.io/snapshot/org/springframework/boot/spring-boot-starter-parent/4.1.1-SNAPSHOT/spring-boot-starter-parent-4.1.1-20260615.142807-3.pom
2026-06-16 13:26:34,329 [Worker-11: Import Getting Started Content] INFO  o.e.m.c.i.e.AbstractTransferListenerAdapter - Downloaded https://repo.spring.io/snapshot/org/springframework/boot/spring-boot-starter-parent/4.1.1-SNAPSHOT/spring-boot-starter-parent-4.1.1-20260615.142807-3.pom
2026-06-16 13:26:34,399 [Worker-11: Import Getting Started Content] INFO  o.e.m.c.i.e.AbstractTransferListenerAdapter - Downloading https://repo.spring.io/snapshot/org/springframework/boot/spring-boot-dependencies/4.1.1-SNAPSHOT/maven-metadata.xml
2026-06-16 13:26:34,424 [Worker-11: Import Getting Started Content] INFO  o.e.m.c.i.e.AbstractTransferListenerAdapter - Downloaded https://repo.spring.io/snapshot/org/springframework/boot/spring-boot-dependencies/4.1.1-SNAPSHOT/maven-metadata.xml
2026-06-16 13:26:34,460 [Worker-11: Import Getting Started Content] INFO  o.e.m.c.i.e.AbstractTransferListenerAdapter - Downloading https://repo.spring.io/snapshot/org/springframework/boot/spring-boot-dependencies/4.1.1-SNAPSHOT/spring-boot-dependencies-4.1.1-20260615.142807-3.pom
2026-06-16 13:26:34,536 [Worker-11: Import Getting Started Content] INFO  o.e.m.c.i.e.AbstractTransferListenerAdapter - Downloaded https://repo.spring.io/snapshot/org/springframework/boot/spring-boot-dependencies/4.1.1-SNAPSHOT/spring-boot-dependencies-4.1.1-20260615.142807-3.pom
2026-06-16 13:26:34,879 [Worker-11: Import Getting Started Content] INFO  o.e.m.c.i.e.AbstractTransferListenerAdapter - Downloading https://repo.maven.apache.org/maven2/io/grpc/grpc-bom/1.81.0/grpc-bom-1.81.0.pom
2026-06-16 13:26:34,923 [Worker-11: Import Getting Started Content] INFO  o.e.m.c.i.e.AbstractTransferListenerAdapter - Downloaded https://repo.maven.apache.org/maven2/io/grpc/grpc-bom/1.81.0/grpc-bom-1.81.0.pom
2026-06-16 13:26:35,046 [Worker-11: Import Getting Started Content] INFO  o.e.m.c.i.e.AbstractTransferListenerAdapter - Downloading https://repo.maven.apache.org/maven2/com/google/protobuf/protobuf-bom/4.35.0/protobuf-bom-4.35.0.pom
2026-06-16 13:26:35,082 [Worker-11: Import Getting Started Content] INFO  o.e.m.c.i.e.AbstractTransferListenerAdapter - Downloaded https://repo.maven.apache.org/maven2/com/google/protobuf/protobuf-bom/4.35.0/protobuf-bom-4.35.0.pom
2026-06-16 13:26:35,802 [Worker-11: Import Getting Started Content] INFO  o.e.m.c.i.e.AbstractTransferListenerAdapter - Downloading https://repo.spring.io/snapshot/org/springframework/boot/spring-boot-maven-plugin/4.1.1-SNAPSHOT/maven-metadata.xml
2026-06-16 13:26:35,849 [Worker-11: Import Getting Started Content] INFO  o.e.m.c.i.e.AbstractTransferListenerAdapter - Downloaded https://repo.spring.io/snapshot/org/springframework/boot/spring-boot-maven-plugin/4.1.1-SNAPSHOT/maven-metadata.xml
2026-06-16 13:26:35,911 [Worker-11: Import Getting Started Content] INFO  o.e.m.c.i.e.AbstractTransferListenerAdapter - Downloading https://repo.spring.io/snapshot/org/springframework/boot/spring-boot-maven-plugin/4.1.1-SNAPSHOT/spring-boot-maven-plugin-4.1.1-20260615.142807-3.pom
2026-06-16 13:26:35,943 [Worker-11: Import Getting Started Content] INFO  o.e.m.c.i.e.AbstractTransferListenerAdapter - Downloaded https://repo.spring.io/snapshot/org/springframework/boot/spring-boot-maven-plugin/4.1.1-SNAPSHOT/spring-boot-maven-plugin-4.1.1-20260615.142807-3.pom
2026-06-16 13:26:35,994 [Worker-11: Import Getting Started Content] INFO  o.e.m.c.i.e.AbstractTransferListenerAdapter - Downloading https://repo.spring.io/snapshot/org/springframework/boot/spring-boot-maven-plugin/4.1.1-SNAPSHOT/spring-boot-maven-plugin-4.1.1-20260615.142807-3.jar
2026-06-16 13:26:36,101 [Worker-11: Import Getting Started Content] INFO  o.e.m.c.i.e.AbstractTransferListenerAdapter - Downloaded https://repo.spring.io/snapshot/org/springframework/boot/spring-boot-maven-plugin/4.1.1-SNAPSHOT/spring-boot-maven-plugin-4.1.1-20260615.142807-3.jar
2026-06-16 13:26:36,550 [Worker-11: Import Getting Started Content] INFO  o.e.m.c.i.l.LifecycleMappingFactory - Using org.eclipse.m2e.jdt.JarLifecycleMapping lifecycle mapping for MavenProject: com.example:ramesh_Spring_JPA_REST_H2_Project:0.0.1-SNAPSHOT @ C:\Eclipse_Projects\Spring_JPA_H2_RestAPI\ramesh_Spring_JPA_REST_H2_Project\pom.xml.
2026-06-16 13:26:36,610 [Worker-11: Import Getting Started Content] INFO  o.e.m.c.i.e.AbstractTransferListenerAdapter - Downloading https://repo.spring.io/snapshot/org/springframework/boot/spring-boot-h2console/4.1.1-SNAPSHOT/maven-metadata.xml
2026-06-16 13:26:36,637 [Worker-11: Import Getting Started Content] INFO  o.e.m.c.i.e.AbstractTransferListenerAdapter - Downloaded https://repo.spring.io/snapshot/org/springframework/boot/spring-boot-h2console/4.1.1-SNAPSHOT/maven-metadata.xml
2026-06-16 13:26:36,684 [Worker-11: Import Getting Started Content] INFO  o.e.m.c.i.e.AbstractTransferListenerAdapter - Downloading https://repo.spring.io/snapshot/org/springframework/boot/spring-boot-h2console/4.1.1-SNAPSHOT/spring-boot-h2console-4.1.1-20260615.142807-3.pom
2026-06-16 13:26:36,728 [Worker-11: Import Getting Started Content] INFO  o.e.m.c.i.e.AbstractTransferListenerAdapter - Downloaded https://repo.spring.io/snapshot/org/springframework/boot/spring-boot-h2console/4.1.1-SNAPSHOT/spring-boot-h2console-4.1.1-20260615.142807-3.pom
2026-06-16 13:26:36,776 [Worker-11: Import Getting Started Content] INFO  o.e.m.c.i.e.AbstractTransferListenerAdapter - Downloading https://repo.spring.io/snapshot/org/springframework/boot/spring-boot/4.1.1-SNAPSHOT/maven-metadata.xml
2026-06-16 13:26:36,818 [Worker-11: Import Getting Started Content] INFO  o.e.m.c.i.e.AbstractTransferListenerAdapter - Downloaded https://repo.spring.io/snapshot/org/springframework/boot/spring-boot/4.1.1-SNAPSHOT/maven-metadata.xml
2026-06-16 13:26:36,878 [Worker-11: Import Getting Started Content] INFO  o.e.m.c.i.e.AbstractTransferListenerAdapter - Downloading https://repo.spring.io/snapshot/org/springframework/boot/spring-boot/4.1.1-SNAPSHOT/spring-boot-4.1.1-20260615.142807-3.pom
2026-06-16 13:26:36,927 [Worker-11: Import Getting Started Content] INFO  o.e.m.c.i.e.AbstractTransferListenerAdapter - Downloaded https://repo.spring.io/snapshot/org/springframework/boot/spring-boot/4.1.1-SNAPSHOT/spring-boot-4.1.1-20260615.142807-3.pom
2026-06-16 13:26:37,036 [Worker-11: Import Getting Started Content] INFO  o.e.m.c.i.e.AbstractTransferListenerAdapter - Downloading https://repo.spring.io/snapshot/org/springframework/boot/spring-boot-starter-data-jpa/4.1.1-SNAPSHOT/maven-metadata.xml
2026-06-16 13:26:37,063 [Worker-11: Import Getting Started Content] INFO  o.e.m.c.i.e.AbstractTransferListenerAdapter - Downloaded https://repo.spring.io/snapshot/org/springframework/boot/spring-boot-starter-data-jpa/4.1.1-SNAPSHOT/maven-metadata.xml
2026-06-16 13:26:37,106 [Worker-11: Import Getting Started Content] INFO  o.e.m.c.i.e.AbstractTransferListenerAdapter - Downloading https://repo.spring.io/snapshot/org/springframework/boot/spring-boot-starter-data-jpa/4.1.1-SNAPSHOT/spring-boot-starter-data-jpa-4.1.1-20260615.142807-3.pom
2026-06-16 13:26:37,134 [Worker-11: Import Getting Started Content] INFO  o.e.m.c.i.e.AbstractTransferListenerAdapter - Downloaded https://repo.spring.io/snapshot/org/springframework/boot/spring-boot-starter-data-jpa/4.1.1-SNAPSHOT/spring-boot-starter-data-jpa-4.1.1-20260615.142807-3.pom
2026-06-16 13:26:37,177 [Worker-11: Import Getting Started Content] INFO  o.e.m.c.i.e.AbstractTransferListenerAdapter - Downloading https://repo.spring.io/snapshot/org/springframework/boot/spring-boot-starter/4.1.1-SNAPSHOT/maven-metadata.xml
2026-06-16 13:26:37,199 [Worker-11: Import Getting Started Content] INFO  o.e.m.c.i.e.AbstractTransferListenerAdapter - Downloaded https://repo.spring.io/snapshot/org/springframework/boot/spring-boot-starter/4.1.1-SNAPSHOT/maven-metadata.xml
2026-06-16 13:26:37,246 [Worker-11: Import Getting Started Content] INFO  o.e.m.c.i.e.AbstractTransferListenerAdapter - Downloading https://repo.spring.io/snapshot/org/springframework/boot/spring-boot-starter/4.1.1-SNAPSHOT/spring-boot-starter-4.1.1-20260615.142807-3.pom
2026-06-16 13:26:37,280 [Worker-11: Import Getting Started Content] INFO  o.e.m.c.i.e.AbstractTransferListenerAdapter - Downloaded https://repo.spring.io/snapshot/org/springframework/boot/spring-boot-starter/4.1.1-SNAPSHOT/spring-boot-starter-4.1.1-20260615.142807-3.pom
2026-06-16 13:26:37,340 [Worker-11: Import Getting Started Content] INFO  o.e.m.c.i.e.AbstractTransferListenerAdapter - Downloading https://repo.spring.io/snapshot/org/springframework/boot/spring-boot-starter-logging/4.1.1-SNAPSHOT/maven-metadata.xml
2026-06-16 13:26:37,363 [Worker-11: Import Getting Started Content] INFO  o.e.m.c.i.e.AbstractTransferListenerAdapter - Downloaded https://repo.spring.io/snapshot/org/springframework/boot/spring-boot-starter-logging/4.1.1-SNAPSHOT/maven-metadata.xml
2026-06-16 13:26:37,407 [Worker-11: Import Getting Started Content] INFO  o.e.m.c.i.e.AbstractTransferListenerAdapter - Downloading https://repo.spring.io/snapshot/org/springframework/boot/spring-boot-starter-logging/4.1.1-SNAPSHOT/spring-boot-starter-logging-4.1.1-20260615.142807-3.pom
2026-06-16 13:26:37,475 [Worker-11: Import Getting Started Content] INFO  o.e.m.c.i.e.AbstractTransferListenerAdapter - Downloaded https://repo.spring.io/snapshot/org/springframework/boot/spring-boot-starter-logging/4.1.1-SNAPSHOT/spring-boot-starter-logging-4.1.1-20260615.142807-3.pom
2026-06-16 13:26:37,583 [Worker-11: Import Getting Started Content] INFO  o.e.m.c.i.e.AbstractTransferListenerAdapter - Downloading https://repo.spring.io/snapshot/org/springframework/boot/spring-boot-autoconfigure/4.1.1-SNAPSHOT/maven-metadata.xml
2026-06-16 13:26:37,619 [Worker-11: Import Getting Started Content] INFO  o.e.m.c.i.e.AbstractTransferListenerAdapter - Downloaded https://repo.spring.io/snapshot/org/springframework/boot/spring-boot-autoconfigure/4.1.1-SNAPSHOT/maven-metadata.xml
2026-06-16 13:26:37,674 [Worker-11: Import Getting Started Content] INFO  o.e.m.c.i.e.AbstractTransferListenerAdapter - Downloading https://repo.spring.io/snapshot/org/springframework/boot/spring-boot-autoconfigure/4.1.1-SNAPSHOT/spring-boot-autoconfigure-4.1.1-20260615.142807-3.pom
2026-06-16 13:26:37,743 [Worker-11: Import Getting Started Content] INFO  o.e.m.c.i.e.AbstractTransferListenerAdapter - Downloaded https://repo.spring.io/snapshot/org/springframework/boot/spring-boot-autoconfigure/4.1.1-SNAPSHOT/spring-boot-autoconfigure-4.1.1-20260615.142807-3.pom
2026-06-16 13:26:37,788 [Worker-11: Import Getting Started Content] INFO  o.e.m.c.i.e.AbstractTransferListenerAdapter - Downloading https://repo.spring.io/snapshot/org/springframework/boot/spring-boot-starter-jdbc/4.1.1-SNAPSHOT/maven-metadata.xml
2026-06-16 13:26:37,817 [Worker-11: Import Getting Started Content] INFO  o.e.m.c.i.e.AbstractTransferListenerAdapter - Downloaded https://repo.spring.io/snapshot/org/springframework/boot/spring-boot-starter-jdbc/4.1.1-SNAPSHOT/maven-metadata.xml
2026-06-16 13:26:37,863 [Worker-11: Import Getting Started Content] INFO  o.e.m.c.i.e.AbstractTransferListenerAdapter - Downloading https://repo.spring.io/snapshot/org/springframework/boot/spring-boot-starter-jdbc/4.1.1-SNAPSHOT/spring-boot-starter-jdbc-4.1.1-20260615.142807-3.pom
2026-06-16 13:26:37,890 [Worker-11: Import Getting Started Content] INFO  o.e.m.c.i.e.AbstractTransferListenerAdapter - Downloaded https://repo.spring.io/snapshot/org/springframework/boot/spring-boot-starter-jdbc/4.1.1-SNAPSHOT/spring-boot-starter-jdbc-4.1.1-20260615.142807-3.pom
2026-06-16 13:26:37,940 [Worker-11: Import Getting Started Content] INFO  o.e.m.c.i.e.AbstractTransferListenerAdapter - Downloading https://repo.spring.io/snapshot/org/springframework/boot/spring-boot-jdbc/4.1.1-SNAPSHOT/maven-metadata.xml
2026-06-16 13:26:37,962 [Worker-11: Import Getting Started Content] INFO  o.e.m.c.i.e.AbstractTransferListenerAdapter - Downloaded https://repo.spring.io/snapshot/org/springframework/boot/spring-boot-jdbc/4.1.1-SNAPSHOT/maven-metadata.xml
2026-06-16 13:26:38,005 [Worker-11: Import Getting Started Content] INFO  o.e.m.c.i.e.AbstractTransferListenerAdapter - Downloading https://repo.spring.io/snapshot/org/springframework/boot/spring-boot-jdbc/4.1.1-SNAPSHOT/spring-boot-jdbc-4.1.1-20260615.142807-3.pom
2026-06-16 13:26:38,035 [Worker-11: Import Getting Started Content] INFO  o.e.m.c.i.e.AbstractTransferListenerAdapter - Downloaded https://repo.spring.io/snapshot/org/springframework/boot/spring-boot-jdbc/4.1.1-SNAPSHOT/spring-boot-jdbc-4.1.1-20260615.142807-3.pom
2026-06-16 13:26:38,080 [Worker-11: Import Getting Started Content] INFO  o.e.m.c.i.e.AbstractTransferListenerAdapter - Downloading https://repo.spring.io/snapshot/org/springframework/boot/spring-boot-sql/4.1.1-SNAPSHOT/maven-metadata.xml
2026-06-16 13:26:38,105 [Worker-11: Import Getting Started Content] INFO  o.e.m.c.i.e.AbstractTransferListenerAdapter - Downloaded https://repo.spring.io/snapshot/org/springframework/boot/spring-boot-sql/4.1.1-SNAPSHOT/maven-metadata.xml
2026-06-16 13:26:38,150 [Worker-11: Import Getting Started Content] INFO  o.e.m.c.i.e.AbstractTransferListenerAdapter - Downloading https://repo.spring.io/snapshot/org/springframework/boot/spring-boot-sql/4.1.1-SNAPSHOT/spring-boot-sql-4.1.1-20260615.142807-3.pom
2026-06-16 13:26:38,186 [Worker-11: Import Getting Started Content] INFO  o.e.m.c.i.e.AbstractTransferListenerAdapter - Downloaded https://repo.spring.io/snapshot/org/springframework/boot/spring-boot-sql/4.1.1-SNAPSHOT/spring-boot-sql-4.1.1-20260615.142807-3.pom
2026-06-16 13:26:38,229 [Worker-11: Import Getting Started Content] INFO  o.e.m.c.i.e.AbstractTransferListenerAdapter - Downloading https://repo.spring.io/snapshot/org/springframework/boot/spring-boot-transaction/4.1.1-SNAPSHOT/maven-metadata.xml
2026-06-16 13:26:38,264 [Worker-11: Import Getting Started Content] INFO  o.e.m.c.i.e.AbstractTransferListenerAdapter - Downloaded https://repo.spring.io/snapshot/org/springframework/boot/spring-boot-transaction/4.1.1-SNAPSHOT/maven-metadata.xml
2026-06-16 13:26:38,311 [Worker-11: Import Getting Started Content] INFO  o.e.m.c.i.e.AbstractTransferListenerAdapter - Downloading https://repo.spring.io/snapshot/org/springframework/boot/spring-boot-transaction/4.1.1-SNAPSHOT/spring-boot-transaction-4.1.1-20260615.142807-3.pom
2026-06-16 13:26:38,349 [Worker-11: Import Getting Started Content] INFO  o.e.m.c.i.e.AbstractTransferListenerAdapter - Downloaded https://repo.spring.io/snapshot/org/springframework/boot/spring-boot-transaction/4.1.1-SNAPSHOT/spring-boot-transaction-4.1.1-20260615.142807-3.pom
2026-06-16 13:26:38,391 [Worker-11: Import Getting Started Content] INFO  o.e.m.c.i.e.AbstractTransferListenerAdapter - Downloading https://repo.spring.io/snapshot/org/springframework/boot/spring-boot-persistence/4.1.1-SNAPSHOT/maven-metadata.xml
2026-06-16 13:26:38,412 [Worker-11: Import Getting Started Content] INFO  o.e.m.c.i.e.AbstractTransferListenerAdapter - Downloaded https://repo.spring.io/snapshot/org/springframework/boot/spring-boot-persistence/4.1.1-SNAPSHOT/maven-metadata.xml
2026-06-16 13:26:38,453 [Worker-11: Import Getting Started Content] INFO  o.e.m.c.i.e.AbstractTransferListenerAdapter - Downloading https://repo.spring.io/snapshot/org/springframework/boot/spring-boot-persistence/4.1.1-SNAPSHOT/spring-boot-persistence-4.1.1-20260615.142807-3.pom
2026-06-16 13:26:38,504 [Worker-11: Import Getting Started Content] INFO  o.e.m.c.i.e.AbstractTransferListenerAdapter - Downloaded https://repo.spring.io/snapshot/org/springframework/boot/spring-boot-persistence/4.1.1-SNAPSHOT/spring-boot-persistence-4.1.1-20260615.142807-3.pom
2026-06-16 13:26:38,559 [Worker-11: Import Getting Started Content] INFO  o.e.m.c.i.e.AbstractTransferListenerAdapter - Downloading https://repo.spring.io/snapshot/org/springframework/boot/spring-boot-data-jpa/4.1.1-SNAPSHOT/maven-metadata.xml
2026-06-16 13:26:38,592 [Worker-11: Import Getting Started Content] INFO  o.e.m.c.i.e.AbstractTransferListenerAdapter - Downloaded https://repo.spring.io/snapshot/org/springframework/boot/spring-boot-data-jpa/4.1.1-SNAPSHOT/maven-metadata.xml
2026-06-16 13:26:38,636 [Worker-11: Import Getting Started Content] INFO  o.e.m.c.i.e.AbstractTransferListenerAdapter - Downloading https://repo.spring.io/snapshot/org/springframework/boot/spring-boot-data-jpa/4.1.1-SNAPSHOT/spring-boot-data-jpa-4.1.1-20260615.142807-3.pom
2026-06-16 13:26:38,666 [Worker-11: Import Getting Started Content] INFO  o.e.m.c.i.e.AbstractTransferListenerAdapter - Downloaded https://repo.spring.io/snapshot/org/springframework/boot/spring-boot-data-jpa/4.1.1-SNAPSHOT/spring-boot-data-jpa-4.1.1-20260615.142807-3.pom
2026-06-16 13:26:38,709 [Worker-11: Import Getting Started Content] INFO  o.e.m.c.i.e.AbstractTransferListenerAdapter - Downloading https://repo.spring.io/snapshot/org/springframework/boot/spring-boot-data-commons/4.1.1-SNAPSHOT/maven-metadata.xml
2026-06-16 13:26:38,739 [Worker-11: Import Getting Started Content] INFO  o.e.m.c.i.e.AbstractTransferListenerAdapter - Downloaded https://repo.spring.io/snapshot/org/springframework/boot/spring-boot-data-commons/4.1.1-SNAPSHOT/maven-metadata.xml
2026-06-16 13:26:38,780 [Worker-11: Import Getting Started Content] INFO  o.e.m.c.i.e.AbstractTransferListenerAdapter - Downloading https://repo.spring.io/snapshot/org/springframework/boot/spring-boot-data-commons/4.1.1-SNAPSHOT/spring-boot-data-commons-4.1.1-20260615.142807-3.pom
2026-06-16 13:26:38,813 [Worker-11: Import Getting Started Content] INFO  o.e.m.c.i.e.AbstractTransferListenerAdapter - Downloaded https://repo.spring.io/snapshot/org/springframework/boot/spring-boot-data-commons/4.1.1-SNAPSHOT/spring-boot-data-commons-4.1.1-20260615.142807-3.pom
2026-06-16 13:26:38,891 [Worker-11: Import Getting Started Content] INFO  o.e.m.c.i.e.AbstractTransferListenerAdapter - Downloading https://repo.spring.io/snapshot/org/springframework/boot/spring-boot-hibernate/4.1.1-SNAPSHOT/maven-metadata.xml
2026-06-16 13:26:38,916 [Worker-11: Import Getting Started Content] INFO  o.e.m.c.i.e.AbstractTransferListenerAdapter - Downloaded https://repo.spring.io/snapshot/org/springframework/boot/spring-boot-hibernate/4.1.1-SNAPSHOT/maven-metadata.xml
2026-06-16 13:26:38,958 [Worker-11: Import Getting Started Content] INFO  o.e.m.c.i.e.AbstractTransferListenerAdapter - Downloading https://repo.spring.io/snapshot/org/springframework/boot/spring-boot-hibernate/4.1.1-SNAPSHOT/spring-boot-hibernate-4.1.1-20260615.142807-3.pom
2026-06-16 13:26:38,984 [Worker-11: Import Getting Started Content] INFO  o.e.m.c.i.e.AbstractTransferListenerAdapter - Downloaded https://repo.spring.io/snapshot/org/springframework/boot/spring-boot-hibernate/4.1.1-SNAPSHOT/spring-boot-hibernate-4.1.1-20260615.142807-3.pom
2026-06-16 13:26:39,027 [Worker-11: Import Getting Started Content] INFO  o.e.m.c.i.e.AbstractTransferListenerAdapter - Downloading https://repo.spring.io/snapshot/org/springframework/boot/spring-boot-jpa/4.1.1-SNAPSHOT/maven-metadata.xml
2026-06-16 13:26:39,053 [Worker-11: Import Getting Started Content] INFO  o.e.m.c.i.e.AbstractTransferListenerAdapter - Downloaded https://repo.spring.io/snapshot/org/springframework/boot/spring-boot-jpa/4.1.1-SNAPSHOT/maven-metadata.xml
2026-06-16 13:26:39,104 [Worker-11: Import Getting Started Content] INFO  o.e.m.c.i.e.AbstractTransferListenerAdapter - Downloading https://repo.spring.io/snapshot/org/springframework/boot/spring-boot-jpa/4.1.1-SNAPSHOT/spring-boot-jpa-4.1.1-20260615.142807-3.pom
2026-06-16 13:26:39,133 [Worker-11: Import Getting Started Content] INFO  o.e.m.c.i.e.AbstractTransferListenerAdapter - Downloaded https://repo.spring.io/snapshot/org/springframework/boot/spring-boot-jpa/4.1.1-SNAPSHOT/spring-boot-jpa-4.1.1-20260615.142807-3.pom
2026-06-16 13:26:39,264 [Worker-11: Import Getting Started Content] INFO  o.e.m.c.i.e.AbstractTransferListenerAdapter - Downloading https://repo.spring.io/snapshot/org/springframework/boot/spring-boot-starter-webmvc/4.1.1-SNAPSHOT/maven-metadata.xml
2026-06-16 13:26:39,302 [Worker-11: Import Getting Started Content] INFO  o.e.m.c.i.e.AbstractTransferListenerAdapter - Downloaded https://repo.spring.io/snapshot/org/springframework/boot/spring-boot-starter-webmvc/4.1.1-SNAPSHOT/maven-metadata.xml
2026-06-16 13:26:39,356 [Worker-11: Import Getting Started Content] INFO  o.e.m.c.i.e.AbstractTransferListenerAdapter - Downloading https://repo.spring.io/snapshot/org/springframework/boot/spring-boot-starter-webmvc/4.1.1-SNAPSHOT/spring-boot-starter-webmvc-4.1.1-20260615.142807-3.pom
2026-06-16 13:26:39,385 [Worker-11: Import Getting Started Content] INFO  o.e.m.c.i.e.AbstractTransferListenerAdapter - Downloaded https://repo.spring.io/snapshot/org/springframework/boot/spring-boot-starter-webmvc/4.1.1-SNAPSHOT/spring-boot-starter-webmvc-4.1.1-20260615.142807-3.pom
2026-06-16 13:26:39,427 [Worker-11: Import Getting Started Content] INFO  o.e.m.c.i.e.AbstractTransferListenerAdapter - Downloading https://repo.spring.io/snapshot/org/springframework/boot/spring-boot-starter-jackson/4.1.1-SNAPSHOT/maven-metadata.xml
2026-06-16 13:26:39,451 [Worker-11: Import Getting Started Content] INFO  o.e.m.c.i.e.AbstractTransferListenerAdapter - Downloaded https://repo.spring.io/snapshot/org/springframework/boot/spring-boot-starter-jackson/4.1.1-SNAPSHOT/maven-metadata.xml
2026-06-16 13:26:39,496 [Worker-11: Import Getting Started Content] INFO  o.e.m.c.i.e.AbstractTransferListenerAdapter - Downloading https://repo.spring.io/snapshot/org/springframework/boot/spring-boot-starter-jackson/4.1.1-SNAPSHOT/spring-boot-starter-jackson-4.1.1-20260615.142807-3.pom
2026-06-16 13:26:39,522 [Worker-11: Import Getting Started Content] INFO  o.e.m.c.i.e.AbstractTransferListenerAdapter - Downloaded https://repo.spring.io/snapshot/org/springframework/boot/spring-boot-starter-jackson/4.1.1-SNAPSHOT/spring-boot-starter-jackson-4.1.1-20260615.142807-3.pom
2026-06-16 13:26:39,565 [Worker-11: Import Getting Started Content] INFO  o.e.m.c.i.e.AbstractTransferListenerAdapter - Downloading https://repo.spring.io/snapshot/org/springframework/boot/spring-boot-jackson/4.1.1-SNAPSHOT/maven-metadata.xml
2026-06-16 13:26:39,597 [Worker-11: Import Getting Started Content] INFO  o.e.m.c.i.e.AbstractTransferListenerAdapter - Downloaded https://repo.spring.io/snapshot/org/springframework/boot/spring-boot-jackson/4.1.1-SNAPSHOT/maven-metadata.xml
2026-06-16 13:26:39,640 [Worker-11: Import Getting Started Content] INFO  o.e.m.c.i.e.AbstractTransferListenerAdapter - Downloading https://repo.spring.io/snapshot/org/springframework/boot/spring-boot-jackson/4.1.1-SNAPSHOT/spring-boot-jackson-4.1.1-20260615.142807-3.pom
2026-06-16 13:26:39,671 [Worker-11: Import Getting Started Content] INFO  o.e.m.c.i.e.AbstractTransferListenerAdapter - Downloaded https://repo.spring.io/snapshot/org/springframework/boot/spring-boot-jackson/4.1.1-SNAPSHOT/spring-boot-jackson-4.1.1-20260615.142807-3.pom
2026-06-16 13:26:39,730 [Worker-11: Import Getting Started Content] INFO  o.e.m.c.i.e.AbstractTransferListenerAdapter - Downloading https://repo.spring.io/snapshot/org/springframework/boot/spring-boot-starter-tomcat/4.1.1-SNAPSHOT/maven-metadata.xml
2026-06-16 13:26:39,751 [Worker-11: Import Getting Started Content] INFO  o.e.m.c.i.e.AbstractTransferListenerAdapter - Downloaded https://repo.spring.io/snapshot/org/springframework/boot/spring-boot-starter-tomcat/4.1.1-SNAPSHOT/maven-metadata.xml
2026-06-16 13:26:39,792 [Worker-11: Import Getting Started Content] INFO  o.e.m.c.i.e.AbstractTransferListenerAdapter - Downloading https://repo.spring.io/snapshot/org/springframework/boot/spring-boot-starter-tomcat/4.1.1-SNAPSHOT/spring-boot-starter-tomcat-4.1.1-20260615.142807-3.pom
2026-06-16 13:26:39,824 [Worker-11: Import Getting Started Content] INFO  o.e.m.c.i.e.AbstractTransferListenerAdapter - Downloaded https://repo.spring.io/snapshot/org/springframework/boot/spring-boot-starter-tomcat/4.1.1-SNAPSHOT/spring-boot-starter-tomcat-4.1.1-20260615.142807-3.pom
2026-06-16 13:26:39,866 [Worker-11: Import Getting Started Content] INFO  o.e.m.c.i.e.AbstractTransferListenerAdapter - Downloading https://repo.spring.io/snapshot/org/springframework/boot/spring-boot-starter-tomcat-runtime/4.1.1-SNAPSHOT/maven-metadata.xml
2026-06-16 13:26:39,892 [Worker-11: Import Getting Started Content] INFO  o.e.m.c.i.e.AbstractTransferListenerAdapter - Downloaded https://repo.spring.io/snapshot/org/springframework/boot/spring-boot-starter-tomcat-runtime/4.1.1-SNAPSHOT/maven-metadata.xml
2026-06-16 13:26:39,933 [Worker-11: Import Getting Started Content] INFO  o.e.m.c.i.e.AbstractTransferListenerAdapter - Downloading https://repo.spring.io/snapshot/org/springframework/boot/spring-boot-starter-tomcat-runtime/4.1.1-SNAPSHOT/spring-boot-starter-tomcat-runtime-4.1.1-20260615.142807-3.pom
2026-06-16 13:26:39,958 [Worker-11: Import Getting Started Content] INFO  o.e.m.c.i.e.AbstractTransferListenerAdapter - Downloaded https://repo.spring.io/snapshot/org/springframework/boot/spring-boot-starter-tomcat-runtime/4.1.1-SNAPSHOT/spring-boot-starter-tomcat-runtime-4.1.1-20260615.142807-3.pom
2026-06-16 13:26:40,002 [Worker-11: Import Getting Started Content] INFO  o.e.m.c.i.e.AbstractTransferListenerAdapter - Downloading https://repo.spring.io/snapshot/org/springframework/boot/spring-boot-tomcat/4.1.1-SNAPSHOT/maven-metadata.xml
2026-06-16 13:26:40,027 [Worker-11: Import Getting Started Content] INFO  o.e.m.c.i.e.AbstractTransferListenerAdapter - Downloaded https://repo.spring.io/snapshot/org/springframework/boot/spring-boot-tomcat/4.1.1-SNAPSHOT/maven-metadata.xml
2026-06-16 13:26:40,068 [Worker-11: Import Getting Started Content] INFO  o.e.m.c.i.e.AbstractTransferListenerAdapter - Downloading https://repo.spring.io/snapshot/org/springframework/boot/spring-boot-tomcat/4.1.1-SNAPSHOT/spring-boot-tomcat-4.1.1-20260615.142807-3.pom
2026-06-16 13:26:40,097 [Worker-11: Import Getting Started Content] INFO  o.e.m.c.i.e.AbstractTransferListenerAdapter - Downloaded https://repo.spring.io/snapshot/org/springframework/boot/spring-boot-tomcat/4.1.1-SNAPSHOT/spring-boot-tomcat-4.1.1-20260615.142807-3.pom
2026-06-16 13:26:40,140 [Worker-11: Import Getting Started Content] INFO  o.e.m.c.i.e.AbstractTransferListenerAdapter - Downloading https://repo.spring.io/snapshot/org/springframework/boot/spring-boot-web-server/4.1.1-SNAPSHOT/maven-metadata.xml
2026-06-16 13:26:40,160 [Worker-11: Import Getting Started Content] INFO  o.e.m.c.i.e.AbstractTransferListenerAdapter - Downloaded https://repo.spring.io/snapshot/org/springframework/boot/spring-boot-web-server/4.1.1-SNAPSHOT/maven-metadata.xml
2026-06-16 13:26:40,207 [Worker-11: Import Getting Started Content] INFO  o.e.m.c.i.e.AbstractTransferListenerAdapter - Downloading https://repo.spring.io/snapshot/org/springframework/boot/spring-boot-web-server/4.1.1-SNAPSHOT/spring-boot-web-server-4.1.1-20260615.142807-3.pom
2026-06-16 13:26:40,237 [Worker-11: Import Getting Started Content] INFO  o.e.m.c.i.e.AbstractTransferListenerAdapter - Downloaded https://repo.spring.io/snapshot/org/springframework/boot/spring-boot-web-server/4.1.1-SNAPSHOT/spring-boot-web-server-4.1.1-20260615.142807-3.pom
2026-06-16 13:26:40,290 [Worker-11: Import Getting Started Content] INFO  o.e.m.c.i.e.AbstractTransferListenerAdapter - Downloading https://repo.spring.io/snapshot/org/springframework/boot/spring-boot-http-converter/4.1.1-SNAPSHOT/maven-metadata.xml
2026-06-16 13:26:40,314 [Worker-11: Import Getting Started Content] INFO  o.e.m.c.i.e.AbstractTransferListenerAdapter - Downloaded https://repo.spring.io/snapshot/org/springframework/boot/spring-boot-http-converter/4.1.1-SNAPSHOT/maven-metadata.xml
2026-06-16 13:26:40,357 [Worker-11: Import Getting Started Content] INFO  o.e.m.c.i.e.AbstractTransferListenerAdapter - Downloading https://repo.spring.io/snapshot/org/springframework/boot/spring-boot-http-converter/4.1.1-SNAPSHOT/spring-boot-http-converter-4.1.1-20260615.142807-3.pom
2026-06-16 13:26:40,404 [Worker-11: Import Getting Started Content] INFO  o.e.m.c.i.e.AbstractTransferListenerAdapter - Downloaded https://repo.spring.io/snapshot/org/springframework/boot/spring-boot-http-converter/4.1.1-SNAPSHOT/spring-boot-http-converter-4.1.1-20260615.142807-3.pom
2026-06-16 13:26:40,449 [Worker-11: Import Getting Started Content] INFO  o.e.m.c.i.e.AbstractTransferListenerAdapter - Downloading https://repo.spring.io/snapshot/org/springframework/boot/spring-boot-webmvc/4.1.1-SNAPSHOT/maven-metadata.xml
2026-06-16 13:26:40,470 [Worker-11: Import Getting Started Content] INFO  o.e.m.c.i.e.AbstractTransferListenerAdapter - Downloaded https://repo.spring.io/snapshot/org/springframework/boot/spring-boot-webmvc/4.1.1-SNAPSHOT/maven-metadata.xml
2026-06-16 13:26:40,511 [Worker-11: Import Getting Started Content] INFO  o.e.m.c.i.e.AbstractTransferListenerAdapter - Downloading https://repo.spring.io/snapshot/org/springframework/boot/spring-boot-webmvc/4.1.1-SNAPSHOT/spring-boot-webmvc-4.1.1-20260615.142807-3.pom
2026-06-16 13:26:40,537 [Worker-11: Import Getting Started Content] INFO  o.e.m.c.i.e.AbstractTransferListenerAdapter - Downloaded https://repo.spring.io/snapshot/org/springframework/boot/spring-boot-webmvc/4.1.1-SNAPSHOT/spring-boot-webmvc-4.1.1-20260615.142807-3.pom
2026-06-16 13:26:40,581 [Worker-11: Import Getting Started Content] INFO  o.e.m.c.i.e.AbstractTransferListenerAdapter - Downloading https://repo.spring.io/snapshot/org/springframework/boot/spring-boot-servlet/4.1.1-SNAPSHOT/maven-metadata.xml
2026-06-16 13:26:40,602 [Worker-11: Import Getting Started Content] INFO  o.e.m.c.i.e.AbstractTransferListenerAdapter - Downloaded https://repo.spring.io/snapshot/org/springframework/boot/spring-boot-servlet/4.1.1-SNAPSHOT/maven-metadata.xml
2026-06-16 13:26:40,645 [Worker-11: Import Getting Started Content] INFO  o.e.m.c.i.e.AbstractTransferListenerAdapter - Downloading https://repo.spring.io/snapshot/org/springframework/boot/spring-boot-servlet/4.1.1-SNAPSHOT/spring-boot-servlet-4.1.1-20260615.142807-3.pom
2026-06-16 13:26:40,678 [Worker-11: Import Getting Started Content] INFO  o.e.m.c.i.e.AbstractTransferListenerAdapter - Downloaded https://repo.spring.io/snapshot/org/springframework/boot/spring-boot-servlet/4.1.1-SNAPSHOT/spring-boot-servlet-4.1.1-20260615.142807-3.pom
2026-06-16 13:26:40,786 [Worker-11: Import Getting Started Content] INFO  o.e.m.c.i.e.AbstractTransferListenerAdapter - Downloading https://repo.spring.io/snapshot/org/springframework/boot/spring-boot-starter-data-jpa-test/4.1.1-SNAPSHOT/maven-metadata.xml
2026-06-16 13:26:40,834 [Worker-11: Import Getting Started Content] INFO  o.e.m.c.i.e.AbstractTransferListenerAdapter - Downloaded https://repo.spring.io/snapshot/org/springframework/boot/spring-boot-starter-data-jpa-test/4.1.1-SNAPSHOT/maven-metadata.xml
2026-06-16 13:26:40,876 [Worker-11: Import Getting Started Content] INFO  o.e.m.c.i.e.AbstractTransferListenerAdapter - Downloading https://repo.spring.io/snapshot/org/springframework/boot/spring-boot-starter-data-jpa-test/4.1.1-SNAPSHOT/spring-boot-starter-data-jpa-test-4.1.1-20260615.142807-3.pom
2026-06-16 13:26:40,904 [Worker-11: Import Getting Started Content] INFO  o.e.m.c.i.e.AbstractTransferListenerAdapter - Downloaded https://repo.spring.io/snapshot/org/springframework/boot/spring-boot-starter-data-jpa-test/4.1.1-SNAPSHOT/spring-boot-starter-data-jpa-test-4.1.1-20260615.142807-3.pom
2026-06-16 13:26:40,952 [Worker-11: Import Getting Started Content] INFO  o.e.m.c.i.e.AbstractTransferListenerAdapter - Downloading https://repo.spring.io/snapshot/org/springframework/boot/spring-boot-starter-test/4.1.1-SNAPSHOT/maven-metadata.xml
2026-06-16 13:26:40,976 [Worker-11: Import Getting Started Content] INFO  o.e.m.c.i.e.AbstractTransferListenerAdapter - Downloaded https://repo.spring.io/snapshot/org/springframework/boot/spring-boot-starter-test/4.1.1-SNAPSHOT/maven-metadata.xml
2026-06-16 13:26:41,026 [Worker-11: Import Getting Started Content] INFO  o.e.m.c.i.e.AbstractTransferListenerAdapter - Downloading https://repo.spring.io/snapshot/org/springframework/boot/spring-boot-starter-test/4.1.1-SNAPSHOT/spring-boot-starter-test-4.1.1-20260615.142807-3.pom
2026-06-16 13:26:41,053 [Worker-11: Import Getting Started Content] INFO  o.e.m.c.i.e.AbstractTransferListenerAdapter - Downloaded https://repo.spring.io/snapshot/org/springframework/boot/spring-boot-starter-test/4.1.1-SNAPSHOT/spring-boot-starter-test-4.1.1-20260615.142807-3.pom
2026-06-16 13:26:41,093 [Worker-11: Import Getting Started Content] INFO  o.e.m.c.i.e.AbstractTransferListenerAdapter - Downloading https://repo.spring.io/snapshot/org/springframework/boot/spring-boot-test/4.1.1-SNAPSHOT/maven-metadata.xml
2026-06-16 13:26:41,123 [Worker-11: Import Getting Started Content] INFO  o.e.m.c.i.e.AbstractTransferListenerAdapter - Downloaded https://repo.spring.io/snapshot/org/springframework/boot/spring-boot-test/4.1.1-SNAPSHOT/maven-metadata.xml
2026-06-16 13:26:41,167 [Worker-11: Import Getting Started Content] INFO  o.e.m.c.i.e.AbstractTransferListenerAdapter - Downloading https://repo.spring.io/snapshot/org/springframework/boot/spring-boot-test/4.1.1-SNAPSHOT/spring-boot-test-4.1.1-20260615.142807-3.pom
2026-06-16 13:26:41,203 [Worker-11: Import Getting Started Content] INFO  o.e.m.c.i.e.AbstractTransferListenerAdapter - Downloaded https://repo.spring.io/snapshot/org/springframework/boot/spring-boot-test/4.1.1-SNAPSHOT/spring-boot-test-4.1.1-20260615.142807-3.pom
2026-06-16 13:26:41,248 [Worker-11: Import Getting Started Content] INFO  o.e.m.c.i.e.AbstractTransferListenerAdapter - Downloading https://repo.spring.io/snapshot/org/springframework/boot/spring-boot-test-autoconfigure/4.1.1-SNAPSHOT/maven-metadata.xml
2026-06-16 13:26:41,279 [Worker-11: Import Getting Started Content] INFO  o.e.m.c.i.e.AbstractTransferListenerAdapter - Downloaded https://repo.spring.io/snapshot/org/springframework/boot/spring-boot-test-autoconfigure/4.1.1-SNAPSHOT/maven-metadata.xml
2026-06-16 13:26:41,324 [Worker-11: Import Getting Started Content] INFO  o.e.m.c.i.e.AbstractTransferListenerAdapter - Downloading https://repo.spring.io/snapshot/org/springframework/boot/spring-boot-test-autoconfigure/4.1.1-SNAPSHOT/spring-boot-test-autoconfigure-4.1.1-20260615.142807-3.pom
2026-06-16 13:26:41,356 [Worker-11: Import Getting Started Content] INFO  o.e.m.c.i.e.AbstractTransferListenerAdapter - Downloaded https://repo.spring.io/snapshot/org/springframework/boot/spring-boot-test-autoconfigure/4.1.1-SNAPSHOT/spring-boot-test-autoconfigure-4.1.1-20260615.142807-3.pom
2026-06-16 13:26:41,453 [Worker-11: Import Getting Started Content] INFO  o.e.m.c.i.e.AbstractTransferListenerAdapter - Downloading https://repo.spring.io/snapshot/org/springframework/boot/spring-boot-starter-jdbc-test/4.1.1-SNAPSHOT/maven-metadata.xml
2026-06-16 13:26:41,476 [Worker-11: Import Getting Started Content] INFO  o.e.m.c.i.e.AbstractTransferListenerAdapter - Downloaded https://repo.spring.io/snapshot/org/springframework/boot/spring-boot-starter-jdbc-test/4.1.1-SNAPSHOT/maven-metadata.xml
2026-06-16 13:26:41,519 [Worker-11: Import Getting Started Content] INFO  o.e.m.c.i.e.AbstractTransferListenerAdapter - Downloading https://repo.spring.io/snapshot/org/springframework/boot/spring-boot-starter-jdbc-test/4.1.1-SNAPSHOT/spring-boot-starter-jdbc-test-4.1.1-20260615.142807-3.pom
2026-06-16 13:26:41,558 [Worker-11: Import Getting Started Content] INFO  o.e.m.c.i.e.AbstractTransferListenerAdapter - Downloaded https://repo.spring.io/snapshot/org/springframework/boot/spring-boot-starter-jdbc-test/4.1.1-SNAPSHOT/spring-boot-starter-jdbc-test-4.1.1-20260615.142807-3.pom
2026-06-16 13:26:41,605 [Worker-11: Import Getting Started Content] INFO  o.e.m.c.i.e.AbstractTransferListenerAdapter - Downloading https://repo.spring.io/snapshot/org/springframework/boot/spring-boot-jdbc-test/4.1.1-SNAPSHOT/maven-metadata.xml
2026-06-16 13:26:41,631 [Worker-11: Import Getting Started Content] INFO  o.e.m.c.i.e.AbstractTransferListenerAdapter - Downloaded https://repo.spring.io/snapshot/org/springframework/boot/spring-boot-jdbc-test/4.1.1-SNAPSHOT/maven-metadata.xml
2026-06-16 13:26:41,676 [Worker-11: Import Getting Started Content] INFO  o.e.m.c.i.e.AbstractTransferListenerAdapter - Downloading https://repo.spring.io/snapshot/org/springframework/boot/spring-boot-jdbc-test/4.1.1-SNAPSHOT/spring-boot-jdbc-test-4.1.1-20260615.142807-3.pom
2026-06-16 13:26:41,703 [Worker-11: Import Getting Started Content] INFO  o.e.m.c.i.e.AbstractTransferListenerAdapter - Downloaded https://repo.spring.io/snapshot/org/springframework/boot/spring-boot-jdbc-test/4.1.1-SNAPSHOT/spring-boot-jdbc-test-4.1.1-20260615.142807-3.pom
2026-06-16 13:26:41,750 [Worker-11: Import Getting Started Content] INFO  o.e.m.c.i.e.AbstractTransferListenerAdapter - Downloading https://repo.spring.io/snapshot/org/springframework/boot/spring-boot-data-jpa-test/4.1.1-SNAPSHOT/maven-metadata.xml
2026-06-16 13:26:41,775 [Worker-11: Import Getting Started Content] INFO  o.e.m.c.i.e.AbstractTransferListenerAdapter - Downloaded https://repo.spring.io/snapshot/org/springframework/boot/spring-boot-data-jpa-test/4.1.1-SNAPSHOT/maven-metadata.xml
2026-06-16 13:26:41,819 [Worker-11: Import Getting Started Content] INFO  o.e.m.c.i.e.AbstractTransferListenerAdapter - Downloading https://repo.spring.io/snapshot/org/springframework/boot/spring-boot-data-jpa-test/4.1.1-SNAPSHOT/spring-boot-data-jpa-test-4.1.1-20260615.142807-3.pom
2026-06-16 13:26:41,852 [Worker-11: Import Getting Started Content] INFO  o.e.m.c.i.e.AbstractTransferListenerAdapter - Downloaded https://repo.spring.io/snapshot/org/springframework/boot/spring-boot-data-jpa-test/4.1.1-SNAPSHOT/spring-boot-data-jpa-test-4.1.1-20260615.142807-3.pom
2026-06-16 13:26:41,904 [Worker-11: Import Getting Started Content] INFO  o.e.m.c.i.e.AbstractTransferListenerAdapter - Downloading https://repo.spring.io/snapshot/org/springframework/boot/spring-boot-jpa-test/4.1.1-SNAPSHOT/maven-metadata.xml
2026-06-16 13:26:41,934 [Worker-11: Import Getting Started Content] INFO  o.e.m.c.i.e.AbstractTransferListenerAdapter - Downloaded https://repo.spring.io/snapshot/org/springframework/boot/spring-boot-jpa-test/4.1.1-SNAPSHOT/maven-metadata.xml
2026-06-16 13:26:41,981 [Worker-11: Import Getting Started Content] INFO  o.e.m.c.i.e.AbstractTransferListenerAdapter - Downloading https://repo.spring.io/snapshot/org/springframework/boot/spring-boot-jpa-test/4.1.1-SNAPSHOT/spring-boot-jpa-test-4.1.1-20260615.142807-3.pom
2026-06-16 13:26:42,004 [Worker-11: Import Getting Started Content] INFO  o.e.m.c.i.e.AbstractTransferListenerAdapter - Downloaded https://repo.spring.io/snapshot/org/springframework/boot/spring-boot-jpa-test/4.1.1-SNAPSHOT/spring-boot-jpa-test-4.1.1-20260615.142807-3.pom
2026-06-16 13:26:42,045 [Worker-11: Import Getting Started Content] INFO  o.e.m.c.i.e.AbstractTransferListenerAdapter - Downloading https://repo.spring.io/snapshot/org/springframework/boot/spring-boot-starter-webmvc-test/4.1.1-SNAPSHOT/maven-metadata.xml
2026-06-16 13:26:42,068 [Worker-11: Import Getting Started Content] INFO  o.e.m.c.i.e.AbstractTransferListenerAdapter - Downloaded https://repo.spring.io/snapshot/org/springframework/boot/spring-boot-starter-webmvc-test/4.1.1-SNAPSHOT/maven-metadata.xml
2026-06-16 13:26:42,174 [Worker-11: Import Getting Started Content] INFO  o.e.m.c.i.e.AbstractTransferListenerAdapter - Downloading https://repo.spring.io/snapshot/org/springframework/boot/spring-boot-starter-webmvc-test/4.1.1-SNAPSHOT/spring-boot-starter-webmvc-test-4.1.1-20260615.142807-3.pom
2026-06-16 13:26:42,236 [Worker-11: Import Getting Started Content] INFO  o.e.m.c.i.e.AbstractTransferListenerAdapter - Downloaded https://repo.spring.io/snapshot/org/springframework/boot/spring-boot-starter-webmvc-test/4.1.1-SNAPSHOT/spring-boot-starter-webmvc-test-4.1.1-20260615.142807-3.pom
2026-06-16 13:26:42,318 [Worker-11: Import Getting Started Content] INFO  o.e.m.c.i.e.AbstractTransferListenerAdapter - Downloading https://repo.spring.io/snapshot/org/springframework/boot/spring-boot-starter-jackson-test/4.1.1-SNAPSHOT/maven-metadata.xml
2026-06-16 13:26:42,342 [Worker-11: Import Getting Started Content] INFO  o.e.m.c.i.e.AbstractTransferListenerAdapter - Downloaded https://repo.spring.io/snapshot/org/springframework/boot/spring-boot-starter-jackson-test/4.1.1-SNAPSHOT/maven-metadata.xml
2026-06-16 13:26:42,429 [Worker-11: Import Getting Started Content] INFO  o.e.m.c.i.e.AbstractTransferListenerAdapter - Downloading https://repo.spring.io/snapshot/org/springframework/boot/spring-boot-starter-jackson-test/4.1.1-SNAPSHOT/spring-boot-starter-jackson-test-4.1.1-20260615.142807-3.pom
2026-06-16 13:26:42,456 [Worker-11: Import Getting Started Content] INFO  o.e.m.c.i.e.AbstractTransferListenerAdapter - Downloaded https://repo.spring.io/snapshot/org/springframework/boot/spring-boot-starter-jackson-test/4.1.1-SNAPSHOT/spring-boot-starter-jackson-test-4.1.1-20260615.142807-3.pom
2026-06-16 13:26:42,545 [Worker-11: Import Getting Started Content] INFO  o.e.m.c.i.e.AbstractTransferListenerAdapter - Downloading https://repo.spring.io/snapshot/org/springframework/boot/spring-boot-webmvc-test/4.1.1-SNAPSHOT/maven-metadata.xml
2026-06-16 13:26:42,570 [Worker-11: Import Getting Started Content] INFO  o.e.m.c.i.e.AbstractTransferListenerAdapter - Downloaded https://repo.spring.io/snapshot/org/springframework/boot/spring-boot-webmvc-test/4.1.1-SNAPSHOT/maven-metadata.xml
2026-06-16 13:26:42,629 [Worker-11: Import Getting Started Content] INFO  o.e.m.c.i.e.AbstractTransferListenerAdapter - Downloading https://repo.spring.io/snapshot/org/springframework/boot/spring-boot-webmvc-test/4.1.1-SNAPSHOT/spring-boot-webmvc-test-4.1.1-20260615.142807-3.pom
2026-06-16 13:26:42,659 [Worker-11: Import Getting Started Content] INFO  o.e.m.c.i.e.AbstractTransferListenerAdapter - Downloaded https://repo.spring.io/snapshot/org/springframework/boot/spring-boot-webmvc-test/4.1.1-SNAPSHOT/spring-boot-webmvc-test-4.1.1-20260615.142807-3.pom
2026-06-16 13:26:42,746 [Worker-11: Import Getting Started Content] INFO  o.e.m.c.i.e.AbstractTransferListenerAdapter - Downloading https://repo.spring.io/snapshot/org/springframework/boot/spring-boot-resttestclient/4.1.1-SNAPSHOT/maven-metadata.xml
2026-06-16 13:26:42,767 [Worker-11: Import Getting Started Content] INFO  o.e.m.c.i.e.AbstractTransferListenerAdapter - Downloaded https://repo.spring.io/snapshot/org/springframework/boot/spring-boot-resttestclient/4.1.1-SNAPSHOT/maven-metadata.xml
2026-06-16 13:26:42,844 [Worker-11: Import Getting Started Content] INFO  o.e.m.c.i.e.AbstractTransferListenerAdapter - Downloading https://repo.spring.io/snapshot/org/springframework/boot/spring-boot-resttestclient/4.1.1-SNAPSHOT/spring-boot-resttestclient-4.1.1-20260615.142807-3.pom
2026-06-16 13:26:42,875 [Worker-11: Import Getting Started Content] INFO  o.e.m.c.i.e.AbstractTransferListenerAdapter - Downloaded https://repo.spring.io/snapshot/org/springframework/boot/spring-boot-resttestclient/4.1.1-SNAPSHOT/spring-boot-resttestclient-4.1.1-20260615.142807-3.pom
2026-06-16 13:26:43,056 [Worker-11: Import Getting Started Content] INFO  o.e.m.c.i.e.AbstractTransferListenerAdapter - Downloading https://repo.spring.io/snapshot/org/springframework/boot/spring-boot-h2console/4.1.1-SNAPSHOT/spring-boot-h2console-4.1.1-20260615.142807-3.jar
2026-06-16 13:26:43,234 [Worker-11: Import Getting Started Content] INFO  o.e.m.c.i.e.AbstractTransferListenerAdapter - Downloaded https://repo.spring.io/snapshot/org/springframework/boot/spring-boot-h2console/4.1.1-SNAPSHOT/spring-boot-h2console-4.1.1-20260615.142807-3.jar
2026-06-16 13:26:43,270 [BasicRepositoryConnector-repo.spring.io-0-3] INFO  o.e.m.c.i.e.AbstractTransferListenerAdapter - Downloading https://repo.spring.io/snapshot/org/springframework/boot/spring-boot-starter-logging/4.1.1-SNAPSHOT/spring-boot-starter-logging-4.1.1-20260615.142807-3.jar
2026-06-16 13:26:43,309 [BasicRepositoryConnector-repo.spring.io-0-3] INFO  o.e.m.c.i.e.AbstractTransferListenerAdapter - Downloaded https://repo.spring.io/snapshot/org/springframework/boot/spring-boot-starter-logging/4.1.1-SNAPSHOT/spring-boot-starter-logging-4.1.1-20260615.142807-3.jar
2026-06-16 13:26:43,343 [BasicRepositoryConnector-repo.spring.io-0-3] INFO  o.e.m.c.i.e.AbstractTransferListenerAdapter - Downloading https://repo.spring.io/snapshot/org/springframework/boot/spring-boot-starter-jdbc/4.1.1-SNAPSHOT/spring-boot-starter-jdbc-4.1.1-20260615.142807-3.jar
2026-06-16 13:26:43,366 [BasicRepositoryConnector-repo.spring.io-0-2] INFO  o.e.m.c.i.e.AbstractTransferListenerAdapter - Downloading https://repo.spring.io/snapshot/org/springframework/boot/spring-boot-starter/4.1.1-SNAPSHOT/spring-boot-starter-4.1.1-20260615.142807-3.jar
2026-06-16 13:26:43,371 [BasicRepositoryConnector-repo.spring.io-0-1] INFO  o.e.m.c.i.e.AbstractTransferListenerAdapter - Downloading https://repo.spring.io/snapshot/org/springframework/boot/spring-boot-starter-data-jpa/4.1.1-SNAPSHOT/spring-boot-starter-data-jpa-4.1.1-20260615.142807-3.jar
2026-06-16 13:26:43,384 [BasicRepositoryConnector-repo.spring.io-0-3] INFO  o.e.m.c.i.e.AbstractTransferListenerAdapter - Downloaded https://repo.spring.io/snapshot/org/springframework/boot/spring-boot-starter-jdbc/4.1.1-SNAPSHOT/spring-boot-starter-jdbc-4.1.1-20260615.142807-3.jar
2026-06-16 13:26:43,413 [BasicRepositoryConnector-repo.spring.io-0-2] INFO  o.e.m.c.i.e.AbstractTransferListenerAdapter - Downloaded https://repo.spring.io/snapshot/org/springframework/boot/spring-boot-starter/4.1.1-SNAPSHOT/spring-boot-starter-4.1.1-20260615.142807-3.jar
2026-06-16 13:26:43,413 [BasicRepositoryConnector-repo.spring.io-0-1] INFO  o.e.m.c.i.e.AbstractTransferListenerAdapter - Downloaded https://repo.spring.io/snapshot/org/springframework/boot/spring-boot-starter-data-jpa/4.1.1-SNAPSHOT/spring-boot-starter-data-jpa-4.1.1-20260615.142807-3.jar
2026-06-16 13:26:43,427 [BasicRepositoryConnector-repo.spring.io-0-3] INFO  o.e.m.c.i.e.AbstractTransferListenerAdapter - Downloading https://repo.spring.io/snapshot/org/springframework/boot/spring-boot-data-jpa/4.1.1-SNAPSHOT/spring-boot-data-jpa-4.1.1-20260615.142807-3.jar
2026-06-16 13:26:43,446 [BasicRepositoryConnector-repo.spring.io-0-2] INFO  o.e.m.c.i.e.AbstractTransferListenerAdapter - Downloading https://repo.spring.io/snapshot/org/springframework/boot/spring-boot-data-commons/4.1.1-SNAPSHOT/spring-boot-data-commons-4.1.1-20260615.142807-3.jar
2026-06-16 13:26:43,452 [BasicRepositoryConnector-repo.spring.io-0-1] INFO  o.e.m.c.i.e.AbstractTransferListenerAdapter - Downloading https://repo.spring.io/snapshot/org/springframework/boot/spring-boot-persistence/4.1.1-SNAPSHOT/spring-boot-persistence-4.1.1-20260615.142807-3.jar
2026-06-16 13:26:43,613 [BasicRepositoryConnector-repo.spring.io-0-0] INFO  o.e.m.c.i.e.AbstractTransferListenerAdapter - Downloading https://repo.spring.io/snapshot/org/springframework/boot/spring-boot/4.1.1-SNAPSHOT/spring-boot-4.1.1-20260615.142807-3.jar
2026-06-16 13:26:43,693 [BasicRepositoryConnector-repo.spring.io-0-4] INFO  o.e.m.c.i.e.AbstractTransferListenerAdapter - Downloading https://repo.spring.io/snapshot/org/springframework/boot/spring-boot-autoconfigure/4.1.1-SNAPSHOT/spring-boot-autoconfigure-4.1.1-20260615.142807-3.jar
2026-06-16 13:26:43,782 [BasicRepositoryConnector-repo.spring.io-0-3] INFO  o.e.m.c.i.e.AbstractTransferListenerAdapter - Downloaded https://repo.spring.io/snapshot/org/springframework/boot/spring-boot-data-jpa/4.1.1-SNAPSHOT/spring-boot-data-jpa-4.1.1-20260615.142807-3.jar
2026-06-16 13:26:43,813 [BasicRepositoryConnector-repo.spring.io-0-1] INFO  o.e.m.c.i.e.AbstractTransferListenerAdapter - Downloaded https://repo.spring.io/snapshot/org/springframework/boot/spring-boot-persistence/4.1.1-SNAPSHOT/spring-boot-persistence-4.1.1-20260615.142807-3.jar
2026-06-16 13:26:43,821 [BasicRepositoryConnector-repo.spring.io-0-3] INFO  o.e.m.c.i.e.AbstractTransferListenerAdapter - Downloading https://repo.spring.io/snapshot/org/springframework/boot/spring-boot-hibernate/4.1.1-SNAPSHOT/spring-boot-hibernate-4.1.1-20260615.142807-3.jar
2026-06-16 13:26:43,852 [BasicRepositoryConnector-repo.spring.io-0-1] INFO  o.e.m.c.i.e.AbstractTransferListenerAdapter - Downloading https://repo.spring.io/snapshot/org/springframework/boot/spring-boot-jpa/4.1.1-SNAPSHOT/spring-boot-jpa-4.1.1-20260615.142807-3.jar
2026-06-16 13:26:43,925 [BasicRepositoryConnector-repo.spring.io-0-0] INFO  o.e.m.c.i.e.AbstractTransferListenerAdapter - Downloaded https://repo.spring.io/snapshot/org/springframework/boot/spring-boot/4.1.1-SNAPSHOT/spring-boot-4.1.1-20260615.142807-3.jar
2026-06-16 13:26:43,974 [BasicRepositoryConnector-repo.spring.io-0-0] INFO  o.e.m.c.i.e.AbstractTransferListenerAdapter - Downloading https://repo.spring.io/snapshot/org/springframework/boot/spring-boot-jdbc/4.1.1-SNAPSHOT/spring-boot-jdbc-4.1.1-20260615.142807-3.jar
2026-06-16 13:26:43,974 [BasicRepositoryConnector-repo.spring.io-0-4] INFO  o.e.m.c.i.e.AbstractTransferListenerAdapter - Downloaded https://repo.spring.io/snapshot/org/springframework/boot/spring-boot-autoconfigure/4.1.1-SNAPSHOT/spring-boot-autoconfigure-4.1.1-20260615.142807-3.jar
2026-06-16 13:26:44,014 [BasicRepositoryConnector-repo.spring.io-0-4] INFO  o.e.m.c.i.e.AbstractTransferListenerAdapter - Downloading https://repo.spring.io/snapshot/org/springframework/boot/spring-boot-sql/4.1.1-SNAPSHOT/spring-boot-sql-4.1.1-20260615.142807-3.jar
2026-06-16 13:26:44,080 [BasicRepositoryConnector-repo.spring.io-0-0] INFO  o.e.m.c.i.e.AbstractTransferListenerAdapter - Downloaded https://repo.spring.io/snapshot/org/springframework/boot/spring-boot-jdbc/4.1.1-SNAPSHOT/spring-boot-jdbc-4.1.1-20260615.142807-3.jar
2026-06-16 13:26:44,106 [BasicRepositoryConnector-repo.spring.io-0-2] INFO  o.e.m.c.i.e.AbstractTransferListenerAdapter - Downloaded https://repo.spring.io/snapshot/org/springframework/boot/spring-boot-data-commons/4.1.1-SNAPSHOT/spring-boot-data-commons-4.1.1-20260615.142807-3.jar
2026-06-16 13:26:44,118 [BasicRepositoryConnector-repo.spring.io-0-0] INFO  o.e.m.c.i.e.AbstractTransferListenerAdapter - Downloading https://repo.spring.io/snapshot/org/springframework/boot/spring-boot-transaction/4.1.1-SNAPSHOT/spring-boot-transaction-4.1.1-20260615.142807-3.jar
2026-06-16 13:26:44,141 [BasicRepositoryConnector-repo.spring.io-0-2] INFO  o.e.m.c.i.e.AbstractTransferListenerAdapter - Downloading https://repo.spring.io/snapshot/org/springframework/boot/spring-boot-starter-webmvc/4.1.1-SNAPSHOT/spring-boot-starter-webmvc-4.1.1-20260615.142807-3.jar
2026-06-16 13:26:44,214 [BasicRepositoryConnector-repo.spring.io-0-2] INFO  o.e.m.c.i.e.AbstractTransferListenerAdapter - Downloaded https://repo.spring.io/snapshot/org/springframework/boot/spring-boot-starter-webmvc/4.1.1-SNAPSHOT/spring-boot-starter-webmvc-4.1.1-20260615.142807-3.jar
2026-06-16 13:26:44,259 [BasicRepositoryConnector-repo.spring.io-0-2] INFO  o.e.m.c.i.e.AbstractTransferListenerAdapter - Downloading https://repo.spring.io/snapshot/org/springframework/boot/spring-boot-starter-jackson/4.1.1-SNAPSHOT/spring-boot-starter-jackson-4.1.1-20260615.142807-3.jar
2026-06-16 13:26:44,359 [BasicRepositoryConnector-repo.spring.io-0-3] INFO  o.e.m.c.i.e.AbstractTransferListenerAdapter - Downloaded https://repo.spring.io/snapshot/org/springframework/boot/spring-boot-hibernate/4.1.1-SNAPSHOT/spring-boot-hibernate-4.1.1-20260615.142807-3.jar
2026-06-16 13:26:44,384 [BasicRepositoryConnector-repo.spring.io-0-2] INFO  o.e.m.c.i.e.AbstractTransferListenerAdapter - Downloaded https://repo.spring.io/snapshot/org/springframework/boot/spring-boot-starter-jackson/4.1.1-SNAPSHOT/spring-boot-starter-jackson-4.1.1-20260615.142807-3.jar
2026-06-16 13:26:44,391 [BasicRepositoryConnector-repo.spring.io-0-3] INFO  o.e.m.c.i.e.AbstractTransferListenerAdapter - Downloading https://repo.spring.io/snapshot/org/springframework/boot/spring-boot-jackson/4.1.1-SNAPSHOT/spring-boot-jackson-4.1.1-20260615.142807-3.jar
2026-06-16 13:26:44,419 [BasicRepositoryConnector-repo.spring.io-0-2] INFO  o.e.m.c.i.e.AbstractTransferListenerAdapter - Downloading https://repo.spring.io/snapshot/org/springframework/boot/spring-boot-starter-tomcat/4.1.1-SNAPSHOT/spring-boot-starter-tomcat-4.1.1-20260615.142807-3.jar
2026-06-16 13:26:44,493 [BasicRepositoryConnector-repo.spring.io-0-3] INFO  o.e.m.c.i.e.AbstractTransferListenerAdapter - Downloaded https://repo.spring.io/snapshot/org/springframework/boot/spring-boot-jackson/4.1.1-SNAPSHOT/spring-boot-jackson-4.1.1-20260615.142807-3.jar
2026-06-16 13:26:44,517 [BasicRepositoryConnector-repo.spring.io-0-1] INFO  o.e.m.c.i.e.AbstractTransferListenerAdapter - Downloaded https://repo.spring.io/snapshot/org/springframework/boot/spring-boot-jpa/4.1.1-SNAPSHOT/spring-boot-jpa-4.1.1-20260615.142807-3.jar
2026-06-16 13:26:44,520 [BasicRepositoryConnector-repo.spring.io-0-2] INFO  o.e.m.c.i.e.AbstractTransferListenerAdapter - Downloaded https://repo.spring.io/snapshot/org/springframework/boot/spring-boot-starter-tomcat/4.1.1-SNAPSHOT/spring-boot-starter-tomcat-4.1.1-20260615.142807-3.jar
2026-06-16 13:26:44,535 [BasicRepositoryConnector-repo.spring.io-0-3] INFO  o.e.m.c.i.e.AbstractTransferListenerAdapter - Downloading https://repo.spring.io/snapshot/org/springframework/boot/spring-boot-starter-tomcat-runtime/4.1.1-SNAPSHOT/spring-boot-starter-tomcat-runtime-4.1.1-20260615.142807-3.jar
2026-06-16 13:26:44,557 [BasicRepositoryConnector-repo.spring.io-0-1] INFO  o.e.m.c.i.e.AbstractTransferListenerAdapter - Downloading https://repo.spring.io/snapshot/org/springframework/boot/spring-boot-tomcat/4.1.1-SNAPSHOT/spring-boot-tomcat-4.1.1-20260615.142807-3.jar
2026-06-16 13:26:44,564 [BasicRepositoryConnector-repo.spring.io-0-2] INFO  o.e.m.c.i.e.AbstractTransferListenerAdapter - Downloading https://repo.spring.io/snapshot/org/springframework/boot/spring-boot-http-converter/4.1.1-SNAPSHOT/spring-boot-http-converter-4.1.1-20260615.142807-3.jar
2026-06-16 13:26:44,672 [BasicRepositoryConnector-repo.spring.io-0-1] INFO  o.e.m.c.i.e.AbstractTransferListenerAdapter - Downloaded https://repo.spring.io/snapshot/org/springframework/boot/spring-boot-tomcat/4.1.1-SNAPSHOT/spring-boot-tomcat-4.1.1-20260615.142807-3.jar
2026-06-16 13:26:44,684 [BasicRepositoryConnector-repo.spring.io-0-2] INFO  o.e.m.c.i.e.AbstractTransferListenerAdapter - Downloaded https://repo.spring.io/snapshot/org/springframework/boot/spring-boot-http-converter/4.1.1-SNAPSHOT/spring-boot-http-converter-4.1.1-20260615.142807-3.jar
2026-06-16 13:26:44,702 [BasicRepositoryConnector-repo.spring.io-0-4] INFO  o.e.m.c.i.e.AbstractTransferListenerAdapter - Downloaded https://repo.spring.io/snapshot/org/springframework/boot/spring-boot-sql/4.1.1-SNAPSHOT/spring-boot-sql-4.1.1-20260615.142807-3.jar
2026-06-16 13:26:44,719 [BasicRepositoryConnector-repo.spring.io-0-1] INFO  o.e.m.c.i.e.AbstractTransferListenerAdapter - Downloading https://repo.spring.io/snapshot/org/springframework/boot/spring-boot-webmvc/4.1.1-SNAPSHOT/spring-boot-webmvc-4.1.1-20260615.142807-3.jar
2026-06-16 13:26:44,734 [BasicRepositoryConnector-repo.spring.io-0-3] INFO  o.e.m.c.i.e.AbstractTransferListenerAdapter - Downloaded https://repo.spring.io/snapshot/org/springframework/boot/spring-boot-starter-tomcat-runtime/4.1.1-SNAPSHOT/spring-boot-starter-tomcat-runtime-4.1.1-20260615.142807-3.jar
2026-06-16 13:26:44,736 [BasicRepositoryConnector-repo.spring.io-0-2] INFO  o.e.m.c.i.e.AbstractTransferListenerAdapter - Downloading https://repo.spring.io/snapshot/org/springframework/boot/spring-boot-servlet/4.1.1-SNAPSHOT/spring-boot-servlet-4.1.1-20260615.142807-3.jar
2026-06-16 13:26:44,736 [BasicRepositoryConnector-repo.spring.io-0-4] INFO  o.e.m.c.i.e.AbstractTransferListenerAdapter - Downloading https://repo.spring.io/snapshot/org/springframework/boot/spring-boot-starter-data-jpa-test/4.1.1-SNAPSHOT/spring-boot-starter-data-jpa-test-4.1.1-20260615.142807-3.jar
2026-06-16 13:26:44,776 [BasicRepositoryConnector-repo.spring.io-0-3] INFO  o.e.m.c.i.e.AbstractTransferListenerAdapter - Downloading https://repo.spring.io/snapshot/org/springframework/boot/spring-boot-starter-test/4.1.1-SNAPSHOT/spring-boot-starter-test-4.1.1-20260615.142807-3.jar
2026-06-16 13:26:44,832 [BasicRepositoryConnector-repo.spring.io-0-0] INFO  o.e.m.c.i.e.AbstractTransferListenerAdapter - Downloaded https://repo.spring.io/snapshot/org/springframework/boot/spring-boot-transaction/4.1.1-SNAPSHOT/spring-boot-transaction-4.1.1-20260615.142807-3.jar
2026-06-16 13:26:44,868 [BasicRepositoryConnector-repo.spring.io-0-4] INFO  o.e.m.c.i.e.AbstractTransferListenerAdapter - Downloaded https://repo.spring.io/snapshot/org/springframework/boot/spring-boot-starter-data-jpa-test/4.1.1-SNAPSHOT/spring-boot-starter-data-jpa-test-4.1.1-20260615.142807-3.jar
2026-06-16 13:26:44,886 [BasicRepositoryConnector-repo.spring.io-0-1] INFO  o.e.m.c.i.e.AbstractTransferListenerAdapter - Downloaded https://repo.spring.io/snapshot/org/springframework/boot/spring-boot-webmvc/4.1.1-SNAPSHOT/spring-boot-webmvc-4.1.1-20260615.142807-3.jar
2026-06-16 13:26:44,892 [BasicRepositoryConnector-repo.spring.io-0-3] INFO  o.e.m.c.i.e.AbstractTransferListenerAdapter - Downloaded https://repo.spring.io/snapshot/org/springframework/boot/spring-boot-starter-test/4.1.1-SNAPSHOT/spring-boot-starter-test-4.1.1-20260615.142807-3.jar
2026-06-16 13:26:44,903 [BasicRepositoryConnector-repo.spring.io-0-4] INFO  o.e.m.c.i.e.AbstractTransferListenerAdapter - Downloading https://repo.spring.io/snapshot/org/springframework/boot/spring-boot-test-autoconfigure/4.1.1-SNAPSHOT/spring-boot-test-autoconfigure-4.1.1-20260615.142807-3.jar
2026-06-16 13:26:44,922 [BasicRepositoryConnector-repo.spring.io-0-1] INFO  o.e.m.c.i.e.AbstractTransferListenerAdapter - Downloading https://repo.spring.io/snapshot/org/springframework/boot/spring-boot-starter-jdbc-test/4.1.1-SNAPSHOT/spring-boot-starter-jdbc-test-4.1.1-20260615.142807-3.jar
2026-06-16 13:26:44,927 [BasicRepositoryConnector-repo.spring.io-0-3] INFO  o.e.m.c.i.e.AbstractTransferListenerAdapter - Downloading https://repo.spring.io/snapshot/org/springframework/boot/spring-boot-jdbc-test/4.1.1-SNAPSHOT/spring-boot-jdbc-test-4.1.1-20260615.142807-3.jar
2026-06-16 13:26:44,998 [BasicRepositoryConnector-repo.spring.io-0-0] INFO  o.e.m.c.i.e.AbstractTransferListenerAdapter - Downloading https://repo.spring.io/snapshot/org/springframework/boot/spring-boot-test/4.1.1-SNAPSHOT/spring-boot-test-4.1.1-20260615.142807-3.jar
2026-06-16 13:26:45,037 [BasicRepositoryConnector-repo.spring.io-0-1] INFO  o.e.m.c.i.e.AbstractTransferListenerAdapter - Downloaded https://repo.spring.io/snapshot/org/springframework/boot/spring-boot-starter-jdbc-test/4.1.1-SNAPSHOT/spring-boot-starter-jdbc-test-4.1.1-20260615.142807-3.jar
2026-06-16 13:26:45,071 [BasicRepositoryConnector-repo.spring.io-0-1] INFO  o.e.m.c.i.e.AbstractTransferListenerAdapter - Downloading https://repo.spring.io/snapshot/org/springframework/boot/spring-boot-data-jpa-test/4.1.1-SNAPSHOT/spring-boot-data-jpa-test-4.1.1-20260615.142807-3.jar
2026-06-16 13:26:45,122 [BasicRepositoryConnector-repo.spring.io-0-0] INFO  o.e.m.c.i.e.AbstractTransferListenerAdapter - Downloaded https://repo.spring.io/snapshot/org/springframework/boot/spring-boot-test/4.1.1-SNAPSHOT/spring-boot-test-4.1.1-20260615.142807-3.jar
2026-06-16 13:26:45,173 [BasicRepositoryConnector-repo.spring.io-0-0] INFO  o.e.m.c.i.e.AbstractTransferListenerAdapter - Downloading https://repo.spring.io/snapshot/org/springframework/boot/spring-boot-jpa-test/4.1.1-SNAPSHOT/spring-boot-jpa-test-4.1.1-20260615.142807-3.jar
2026-06-16 13:26:45,299 [BasicRepositoryConnector-repo.spring.io-0-1] INFO  o.e.m.c.i.e.AbstractTransferListenerAdapter - Downloaded https://repo.spring.io/snapshot/org/springframework/boot/spring-boot-data-jpa-test/4.1.1-SNAPSHOT/spring-boot-data-jpa-test-4.1.1-20260615.142807-3.jar
2026-06-16 13:26:45,333 [BasicRepositoryConnector-repo.spring.io-0-1] INFO  o.e.m.c.i.e.AbstractTransferListenerAdapter - Downloading https://repo.spring.io/snapshot/org/springframework/boot/spring-boot-starter-webmvc-test/4.1.1-SNAPSHOT/spring-boot-starter-webmvc-test-4.1.1-20260615.142807-3.jar
2026-06-16 13:26:45,444 [BasicRepositoryConnector-repo.spring.io-0-1] INFO  o.e.m.c.i.e.AbstractTransferListenerAdapter - Downloaded https://repo.spring.io/snapshot/org/springframework/boot/spring-boot-starter-webmvc-test/4.1.1-SNAPSHOT/spring-boot-starter-webmvc-test-4.1.1-20260615.142807-3.jar
2026-06-16 13:26:45,478 [BasicRepositoryConnector-repo.spring.io-0-1] INFO  o.e.m.c.i.e.AbstractTransferListenerAdapter - Downloading https://repo.spring.io/snapshot/org/springframework/boot/spring-boot-starter-jackson-test/4.1.1-SNAPSHOT/spring-boot-starter-jackson-test-4.1.1-20260615.142807-3.jar
2026-06-16 13:26:45,514 [BasicRepositoryConnector-repo.spring.io-0-0] INFO  o.e.m.c.i.e.AbstractTransferListenerAdapter - Downloaded https://repo.spring.io/snapshot/org/springframework/boot/spring-boot-jpa-test/4.1.1-SNAPSHOT/spring-boot-jpa-test-4.1.1-20260615.142807-3.jar
2026-06-16 13:26:45,548 [BasicRepositoryConnector-repo.spring.io-0-0] INFO  o.e.m.c.i.e.AbstractTransferListenerAdapter - Downloading https://repo.spring.io/snapshot/org/springframework/boot/spring-boot-webmvc-test/4.1.1-SNAPSHOT/spring-boot-webmvc-test-4.1.1-20260615.142807-3.jar
2026-06-16 13:26:45,593 [BasicRepositoryConnector-repo.spring.io-0-1] INFO  o.e.m.c.i.e.AbstractTransferListenerAdapter - Downloaded https://repo.spring.io/snapshot/org/springframework/boot/spring-boot-starter-jackson-test/4.1.1-SNAPSHOT/spring-boot-starter-jackson-test-4.1.1-20260615.142807-3.jar
2026-06-16 13:26:45,595 [BasicRepositoryConnector-repo.spring.io-0-3] INFO  o.e.m.c.i.e.AbstractTransferListenerAdapter - Downloaded https://repo.spring.io/snapshot/org/springframework/boot/spring-boot-jdbc-test/4.1.1-SNAPSHOT/spring-boot-jdbc-test-4.1.1-20260615.142807-3.jar
2026-06-16 13:26:45,632 [BasicRepositoryConnector-repo.spring.io-0-1] INFO  o.e.m.c.i.e.AbstractTransferListenerAdapter - Downloading https://repo.spring.io/snapshot/org/springframework/boot/spring-boot-web-server/4.1.1-SNAPSHOT/spring-boot-web-server-4.1.1-20260615.142807-3.jar
2026-06-16 13:26:45,632 [BasicRepositoryConnector-repo.spring.io-0-3] INFO  o.e.m.c.i.e.AbstractTransferListenerAdapter - Downloading https://repo.spring.io/snapshot/org/springframework/boot/spring-boot-resttestclient/4.1.1-SNAPSHOT/spring-boot-resttestclient-4.1.1-20260615.142807-3.jar
2026-06-16 13:26:45,763 [BasicRepositoryConnector-repo.spring.io-0-1] INFO  o.e.m.c.i.e.AbstractTransferListenerAdapter - Downloaded https://repo.spring.io/snapshot/org/springframework/boot/spring-boot-web-server/4.1.1-SNAPSHOT/spring-boot-web-server-4.1.1-20260615.142807-3.jar
2026-06-16 13:26:45,924 [BasicRepositoryConnector-repo.spring.io-0-4] INFO  o.e.m.c.i.e.AbstractTransferListenerAdapter - Downloaded https://repo.spring.io/snapshot/org/springframework/boot/spring-boot-test-autoconfigure/4.1.1-SNAPSHOT/spring-boot-test-autoconfigure-4.1.1-20260615.142807-3.jar
2026-06-16 13:26:46,526 [BasicRepositoryConnector-repo.spring.io-0-2] INFO  o.e.m.c.i.e.AbstractTransferListenerAdapter - Downloaded https://repo.spring.io/snapshot/org/springframework/boot/spring-boot-servlet/4.1.1-SNAPSHOT/spring-boot-servlet-4.1.1-20260615.142807-3.jar
2026-06-16 13:26:46,743 [BasicRepositoryConnector-repo.spring.io-0-3] INFO  o.e.m.c.i.e.AbstractTransferListenerAdapter - Downloaded https://repo.spring.io/snapshot/org/springframework/boot/spring-boot-resttestclient/4.1.1-SNAPSHOT/spring-boot-resttestclient-4.1.1-20260615.142807-3.jar
2026-06-16 13:26:47,019 [BasicRepositoryConnector-repo.spring.io-0-0] INFO  o.e.m.c.i.e.AbstractTransferListenerAdapter - Downloaded https://repo.spring.io/snapshot/org/springframework/boot/spring-boot-webmvc-test/4.1.1-SNAPSHOT/spring-boot-webmvc-test-4.1.1-20260615.142807-3.jar
2026-06-16 13:26:56,444 [Worker-11: Import Getting Started Content] INFO  o.e.m.j.i.AbstractJavaProjectConfigurator - Adding source folder /ramesh_Spring_JPA_REST_H2_Project/src/main/java
2026-06-16 13:26:56,452 [Worker-11: Import Getting Started Content] INFO  o.e.m.j.i.AbstractJavaProjectConfigurator - Adding resource folder /ramesh_Spring_JPA_REST_H2_Project/src/main/resources
2026-06-16 13:26:56,468 [Worker-11: Import Getting Started Content] INFO  o.e.m.j.i.AbstractJavaProjectConfigurator - Adding resource folder /ramesh_Spring_JPA_REST_H2_Project/src/main/resources
2026-06-16 13:26:56,478 [Worker-5: Download sources and javadoc] INFO  o.e.m.c.i.e.AbstractTransferListenerAdapter - Downloading https://repo.spring.io/snapshot/org/springframework/boot/spring-boot-h2console/4.1.1-SNAPSHOT/spring-boot-h2console-4.1.1-20260615.142807-3-sources.jar
2026-06-16 13:26:56,481 [Worker-11: Import Getting Started Content] INFO  o.e.m.j.i.AbstractJavaProjectConfigurator - Adding source folder /ramesh_Spring_JPA_REST_H2_Project/src/test/java
2026-06-16 13:26:56,485 [Worker-11: Import Getting Started Content] INFO  o.e.m.j.i.AbstractJavaProjectConfigurator - Adding resource folder /ramesh_Spring_JPA_REST_H2_Project/src/test/resources
2026-06-16 13:26:56,851 [Worker-5: Download sources and javadoc] INFO  o.e.m.c.i.e.AbstractTransferListenerAdapter - Downloaded https://repo.spring.io/snapshot/org/springframework/boot/spring-boot-h2console/4.1.1-SNAPSHOT/spring-boot-h2console-4.1.1-20260615.142807-3-sources.jar
2026-06-16 13:26:57,233 [Worker-5: Download sources and javadoc] INFO  o.e.m.j.internal.DownloadSourcesJob - Downloaded sources for org.springframework.boot:spring-boot-h2console:4.1.1-SNAPSHOT
2026-06-16 13:26:57,678 [Worker-5: Download sources and javadoc] INFO  o.e.m.c.i.e.AbstractTransferListenerAdapter - Downloading https://repo.spring.io/snapshot/org/springframework/boot/spring-boot/4.1.1-SNAPSHOT/spring-boot-4.1.1-20260615.142807-3-sources.jar
2026-06-16 13:26:57,949 [Worker-5: Download sources and javadoc] INFO  o.e.m.c.i.e.AbstractTransferListenerAdapter - Downloaded https://repo.spring.io/snapshot/org/springframework/boot/spring-boot/4.1.1-SNAPSHOT/spring-boot-4.1.1-20260615.142807-3-sources.jar
2026-06-16 13:26:58,073 [Worker-5: Download sources and javadoc] INFO  o.e.m.j.internal.DownloadSourcesJob - Downloaded sources for org.springframework.boot:spring-boot:4.1.1-SNAPSHOT
2026-06-16 13:26:58,231 [Worker-5: Download sources and javadoc] INFO  o.e.m.c.i.e.AbstractTransferListenerAdapter - Downloading https://repo.spring.io/snapshot/org/springframework/boot/spring-boot-starter-data-jpa/4.1.1-SNAPSHOT/spring-boot-starter-data-jpa-4.1.1-20260615.142807-3-sources.jar
2026-06-16 13:26:58,412 [Worker-5: Download sources and javadoc] INFO  o.e.m.c.i.e.AbstractTransferListenerAdapter - Downloaded https://repo.spring.io/snapshot/org/springframework/boot/spring-boot-starter-data-jpa/4.1.1-SNAPSHOT/spring-boot-starter-data-jpa-4.1.1-20260615.142807-3-sources.jar
2026-06-16 13:26:58,454 [Worker-5: Download sources and javadoc] INFO  o.e.m.j.internal.DownloadSourcesJob - Downloaded sources for org.springframework.boot:spring-boot-starter-data-jpa:4.1.1-SNAPSHOT
2026-06-16 13:26:58,616 [Worker-5: Download sources and javadoc] INFO  o.e.m.c.i.e.AbstractTransferListenerAdapter - Downloading https://repo.spring.io/snapshot/org/springframework/boot/spring-boot-starter/4.1.1-SNAPSHOT/spring-boot-starter-4.1.1-20260615.142807-3-sources.jar
2026-06-16 13:26:58,731 [Worker-5: Download sources and javadoc] INFO  o.e.m.c.i.e.AbstractTransferListenerAdapter - Downloaded https://repo.spring.io/snapshot/org/springframework/boot/spring-boot-starter/4.1.1-SNAPSHOT/spring-boot-starter-4.1.1-20260615.142807-3-sources.jar
2026-06-16 13:26:58,752 [Worker-5: Download sources and javadoc] INFO  o.e.m.j.internal.DownloadSourcesJob - Downloaded sources for org.springframework.boot:spring-boot-starter:4.1.1-SNAPSHOT
2026-06-16 13:26:58,870 [Worker-5: Download sources and javadoc] INFO  o.e.m.c.i.e.AbstractTransferListenerAdapter - Downloading https://repo.spring.io/snapshot/org/springframework/boot/spring-boot-starter-logging/4.1.1-SNAPSHOT/spring-boot-starter-logging-4.1.1-20260615.142807-3-sources.jar
2026-06-16 13:26:58,904 [Worker-5: Download sources and javadoc] INFO  o.e.m.c.i.e.AbstractTransferListenerAdapter - Downloaded https://repo.spring.io/snapshot/org/springframework/boot/spring-boot-starter-logging/4.1.1-SNAPSHOT/spring-boot-starter-logging-4.1.1-20260615.142807-3-sources.jar
2026-06-16 13:26:58,931 [Worker-5: Download sources and javadoc] INFO  o.e.m.j.internal.DownloadSourcesJob - Downloaded sources for org.springframework.boot:spring-boot-starter-logging:4.1.1-SNAPSHOT
2026-06-16 13:26:59,168 [Worker-11: Import Getting Started Content] WARN  o.apache.maven.project.MavenProject - Direct modification of compileSourceRoots through clear() is deprecated and will not work in Maven 4.0.0. Please use the add/remove methods instead. If you're using a plugin that causes this warning, please upgrade to the latest version and report an issue if the warning persists. To disable these warnings, set -Dmaven.project.sourceRoots.warningsDisabled=true on the command line, in the .mvn/maven.config file, or in project POM properties.
2026-06-16 13:26:59,173 [Worker-11: Import Getting Started Content] WARN  o.apache.maven.project.MavenProject - Direct modification of compileSourceRoots through add() is deprecated and will not work in Maven 4.0.0. Please use the add/remove methods instead. If you're using a plugin that causes this warning, please upgrade to the latest version and report an issue if the warning persists. To disable these warnings, set -Dmaven.project.sourceRoots.warningsDisabled=true on the command line, in the .mvn/maven.config file, or in project POM properties.
2026-06-16 13:26:59,175 [Worker-11: Import Getting Started Content] WARN  o.apache.maven.project.MavenProject - Direct modification of testCompileSourceRoots through clear() is deprecated and will not work in Maven 4.0.0. Please use the add/remove methods instead. If you're using a plugin that causes this warning, please upgrade to the latest version and report an issue if the warning persists. To disable these warnings, set -Dmaven.project.sourceRoots.warningsDisabled=true on the command line, in the .mvn/maven.config file, or in project POM properties.
2026-06-16 13:26:59,177 [Worker-11: Import Getting Started Content] WARN  o.apache.maven.project.MavenProject - Direct modification of testCompileSourceRoots through add() is deprecated and will not work in Maven 4.0.0. Please use the add/remove methods instead. If you're using a plugin that causes this warning, please upgrade to the latest version and report an issue if the warning persists. To disable these warnings, set -Dmaven.project.sourceRoots.warningsDisabled=true on the command line, in the .mvn/maven.config file, or in project POM properties.
2026-06-16 13:26:59,252 [Worker-11: Import Getting Started Content] INFO  o.e.m.c.i.p.ProjectConfigurationManager - Imported and configured 1 project(s) in 25 sec
2026-06-16 13:26:59,258 [Worker-11: Import Getting Started Content] INFO  o.e.m.c.i.p.ProjectConfigurationManager - Update started
2026-06-16 13:26:59,343 [Worker-5: Download sources and javadoc] INFO  o.e.m.c.i.e.AbstractTransferListenerAdapter - Downloading https://repo.spring.io/snapshot/org/springframework/boot/spring-boot-autoconfigure/4.1.1-SNAPSHOT/spring-boot-autoconfigure-4.1.1-20260615.142807-3-sources.jar
2026-06-16 13:26:59,538 [Worker-5: Download sources and javadoc] INFO  o.e.m.c.i.e.AbstractTransferListenerAdapter - Downloaded https://repo.spring.io/snapshot/org/springframework/boot/spring-boot-autoconfigure/4.1.1-SNAPSHOT/spring-boot-autoconfigure-4.1.1-20260615.142807-3-sources.jar
2026-06-16 13:26:59,636 [Worker-5: Download sources and javadoc] INFO  o.e.m.j.internal.DownloadSourcesJob - Downloaded sources for org.springframework.boot:spring-boot-autoconfigure:4.1.1-SNAPSHOT
2026-06-16 13:27:02,762 [Worker-5: Download sources and javadoc] INFO  o.e.m.c.i.e.AbstractTransferListenerAdapter - Downloading https://repo.spring.io/snapshot/org/springframework/boot/spring-boot-starter-jdbc/4.1.1-SNAPSHOT/spring-boot-starter-jdbc-4.1.1-20260615.142807-3-sources.jar
2026-06-16 13:27:02,849 [Worker-11: Import Getting Started Content] INFO  o.e.m.c.i.l.LifecycleMappingFactory - Using org.eclipse.m2e.jdt.JarLifecycleMapping lifecycle mapping for MavenProject: com.example:ramesh_Spring_JPA_REST_H2_Project:0.0.1-SNAPSHOT @ C:\Eclipse_Projects\Spring_JPA_H2_RestAPI\ramesh_Spring_JPA_REST_H2_Project\pom.xml.
2026-06-16 13:27:03,023 [Worker-5: Download sources and javadoc] INFO  o.e.m.c.i.e.AbstractTransferListenerAdapter - Downloaded https://repo.spring.io/snapshot/org/springframework/boot/spring-boot-starter-jdbc/4.1.1-SNAPSHOT/spring-boot-starter-jdbc-4.1.1-20260615.142807-3-sources.jar
2026-06-16 13:27:03,070 [Worker-5: Download sources and javadoc] INFO  o.e.m.j.internal.DownloadSourcesJob - Downloaded sources for org.springframework.boot:spring-boot-starter-jdbc:4.1.1-SNAPSHOT
2026-06-16 13:27:03,219 [Worker-5: Download sources and javadoc] INFO  o.e.m.c.i.e.AbstractTransferListenerAdapter - Downloading https://repo.spring.io/snapshot/org/springframework/boot/spring-boot-data-jpa/4.1.1-SNAPSHOT/spring-boot-data-jpa-4.1.1-20260615.142807-3-sources.jar
2026-06-16 13:27:03,676 [Worker-5: Download sources and javadoc] INFO  o.e.m.c.i.e.AbstractTransferListenerAdapter - Downloaded https://repo.spring.io/snapshot/org/springframework/boot/spring-boot-data-jpa/4.1.1-SNAPSHOT/spring-boot-data-jpa-4.1.1-20260615.142807-3-sources.jar
2026-06-16 13:27:04,146 [Worker-5: Download sources and javadoc] INFO  o.e.m.j.internal.DownloadSourcesJob - Downloaded sources for org.springframework.boot:spring-boot-data-jpa:4.1.1-SNAPSHOT
2026-06-16 13:27:04,527 [Worker-5: Download sources and javadoc] INFO  o.e.m.c.i.e.AbstractTransferListenerAdapter - Downloading https://repo.spring.io/snapshot/org/springframework/boot/spring-boot-data-commons/4.1.1-SNAPSHOT/spring-boot-data-commons-4.1.1-20260615.142807-3-sources.jar
2026-06-16 13:27:05,118 [Worker-5: Download sources and javadoc] INFO  o.e.m.c.i.e.AbstractTransferListenerAdapter - Downloaded https://repo.spring.io/snapshot/org/springframework/boot/spring-boot-data-commons/4.1.1-SNAPSHOT/spring-boot-data-commons-4.1.1-20260615.142807-3-sources.jar
2026-06-16 13:27:05,737 [Worker-11: Import Getting Started Content] INFO  o.e.m.j.i.AbstractJavaProjectConfigurator - Adding source folder /ramesh_Spring_JPA_REST_H2_Project/src/main/java
2026-06-16 13:27:05,740 [Worker-11: Import Getting Started Content] INFO  o.e.m.j.i.AbstractJavaProjectConfigurator - Adding resource folder /ramesh_Spring_JPA_REST_H2_Project/src/main/resources
2026-06-16 13:27:05,741 [Worker-11: Import Getting Started Content] INFO  o.e.m.j.i.AbstractJavaProjectConfigurator - Adding resource folder /ramesh_Spring_JPA_REST_H2_Project/src/main/resources
2026-06-16 13:27:05,745 [Worker-11: Import Getting Started Content] INFO  o.e.m.j.i.AbstractJavaProjectConfigurator - Adding source folder /ramesh_Spring_JPA_REST_H2_Project/src/test/java
2026-06-16 13:27:05,748 [Worker-11: Import Getting Started Content] INFO  o.e.m.j.i.AbstractJavaProjectConfigurator - Adding resource folder /ramesh_Spring_JPA_REST_H2_Project/src/test/resources
2026-06-16 13:27:06,117 [Worker-5: Download sources and javadoc] INFO  o.e.m.j.internal.DownloadSourcesJob - Downloaded sources for org.springframework.boot:spring-boot-data-commons:4.1.1-SNAPSHOT
2026-06-16 13:27:06,243 [Worker-5: Download sources and javadoc] INFO  o.e.m.c.i.e.AbstractTransferListenerAdapter - Downloading https://repo.spring.io/snapshot/org/springframework/boot/spring-boot-persistence/4.1.1-SNAPSHOT/spring-boot-persistence-4.1.1-20260615.142807-3-sources.jar
2026-06-16 13:27:06,722 [Worker-5: Download sources and javadoc] INFO  o.e.m.c.i.e.AbstractTransferListenerAdapter - Downloaded https://repo.spring.io/snapshot/org/springframework/boot/spring-boot-persistence/4.1.1-SNAPSHOT/spring-boot-persistence-4.1.1-20260615.142807-3-sources.jar
2026-06-16 13:27:06,814 [Worker-11: Import Getting Started Content] WARN  o.apache.maven.project.MavenProject - Direct modification of compileSourceRoots through clear() is deprecated and will not work in Maven 4.0.0. Please use the add/remove methods instead. If you're using a plugin that causes this warning, please upgrade to the latest version and report an issue if the warning persists. To disable these warnings, set -Dmaven.project.sourceRoots.warningsDisabled=true on the command line, in the .mvn/maven.config file, or in project POM properties.
2026-06-16 13:27:06,818 [Worker-11: Import Getting Started Content] WARN  o.apache.maven.project.MavenProject - Direct modification of compileSourceRoots through add() is deprecated and will not work in Maven 4.0.0. Please use the add/remove methods instead. If you're using a plugin that causes this warning, please upgrade to the latest version and report an issue if the warning persists. To disable these warnings, set -Dmaven.project.sourceRoots.warningsDisabled=true on the command line, in the .mvn/maven.config file, or in project POM properties.
2026-06-16 13:27:06,821 [Worker-11: Import Getting Started Content] WARN  o.apache.maven.project.MavenProject - Direct modification of testCompileSourceRoots through clear() is deprecated and will not work in Maven 4.0.0. Please use the add/remove methods instead. If you're using a plugin that causes this warning, please upgrade to the latest version and report an issue if the warning persists. To disable these warnings, set -Dmaven.project.sourceRoots.warningsDisabled=true on the command line, in the .mvn/maven.config file, or in project POM properties.
2026-06-16 13:27:06,822 [Worker-11: Import Getting Started Content] WARN  o.apache.maven.project.MavenProject - Direct modification of testCompileSourceRoots through add() is deprecated and will not work in Maven 4.0.0. Please use the add/remove methods instead. If you're using a plugin that causes this warning, please upgrade to the latest version and report an issue if the warning persists. To disable these warnings, set -Dmaven.project.sourceRoots.warningsDisabled=true on the command line, in the .mvn/maven.config file, or in project POM properties.
2026-06-16 13:27:07,383 [Worker-5: Download sources and javadoc] INFO  o.e.m.j.internal.DownloadSourcesJob - Downloaded sources for org.springframework.boot:spring-boot-persistence:4.1.1-SNAPSHOT
2026-06-16 13:27:07,416 [Worker-11: Import Getting Started Content] INFO  o.e.m.c.i.p.ProjectConfigurationManager - Update completed for 1 poms: local refresh takes 0.00 sec, refresh facades takes 6.00 sec, update config takes 1.00 sec 
2026-06-16 13:27:07,642 [Worker-5: Download sources and javadoc] INFO  o.e.m.c.i.e.AbstractTransferListenerAdapter - Downloading https://repo.spring.io/snapshot/org/springframework/boot/spring-boot-hibernate/4.1.1-SNAPSHOT/spring-boot-hibernate-4.1.1-20260615.142807-3-sources.jar
2026-06-16 13:27:07,673 [Worker-24: Updating Maven Project] INFO  o.e.m.c.i.p.ProjectConfigurationManager - Update started
2026-06-16 13:27:08,179 [Worker-5: Download sources and javadoc] INFO  o.e.m.c.i.e.AbstractTransferListenerAdapter - Downloaded https://repo.spring.io/snapshot/org/springframework/boot/spring-boot-hibernate/4.1.1-SNAPSHOT/spring-boot-hibernate-4.1.1-20260615.142807-3-sources.jar
2026-06-16 13:27:08,876 [Worker-24: Updating Maven Project] INFO  o.e.m.c.i.l.LifecycleMappingFactory - Using org.eclipse.m2e.jdt.JarLifecycleMapping lifecycle mapping for MavenProject: com.example:ramesh_Spring_JPA_REST_H2_Project:0.0.1-SNAPSHOT @ C:\Eclipse_Projects\Spring_JPA_H2_RestAPI\ramesh_Spring_JPA_REST_H2_Project\pom.xml.
2026-06-16 13:27:09,029 [Worker-5: Download sources and javadoc] INFO  o.e.m.j.internal.DownloadSourcesJob - Downloaded sources for org.springframework.boot:spring-boot-hibernate:4.1.1-SNAPSHOT
2026-06-16 13:27:09,244 [Worker-5: Download sources and javadoc] INFO  o.e.m.c.i.e.AbstractTransferListenerAdapter - Downloading https://repo.spring.io/snapshot/org/springframework/boot/spring-boot-jpa/4.1.1-SNAPSHOT/spring-boot-jpa-4.1.1-20260615.142807-3-sources.jar
2026-06-16 13:27:09,819 [Worker-5: Download sources and javadoc] INFO  o.e.m.c.i.e.AbstractTransferListenerAdapter - Downloaded https://repo.spring.io/snapshot/org/springframework/boot/spring-boot-jpa/4.1.1-SNAPSHOT/spring-boot-jpa-4.1.1-20260615.142807-3-sources.jar
2026-06-16 13:27:10,683 [Worker-5: Download sources and javadoc] INFO  o.e.m.j.internal.DownloadSourcesJob - Downloaded sources for org.springframework.boot:spring-boot-jpa:4.1.1-SNAPSHOT
2026-06-16 13:27:10,859 [Worker-5: Download sources and javadoc] INFO  o.e.m.c.i.e.AbstractTransferListenerAdapter - Downloading https://repo.spring.io/snapshot/org/springframework/boot/spring-boot-jdbc/4.1.1-SNAPSHOT/spring-boot-jdbc-4.1.1-20260615.142807-3-sources.jar
2026-06-16 13:27:10,991 [Worker-5: Download sources and javadoc] INFO  o.e.m.c.i.e.AbstractTransferListenerAdapter - Downloaded https://repo.spring.io/snapshot/org/springframework/boot/spring-boot-jdbc/4.1.1-SNAPSHOT/spring-boot-jdbc-4.1.1-20260615.142807-3-sources.jar
2026-06-16 13:27:11,084 [Worker-5: Download sources and javadoc] INFO  o.e.m.j.internal.DownloadSourcesJob - Downloaded sources for org.springframework.boot:spring-boot-jdbc:4.1.1-SNAPSHOT
2026-06-16 13:27:11,191 [Worker-5: Download sources and javadoc] INFO  o.e.m.c.i.e.AbstractTransferListenerAdapter - Downloading https://repo.spring.io/snapshot/org/springframework/boot/spring-boot-sql/4.1.1-SNAPSHOT/spring-boot-sql-4.1.1-20260615.142807-3-sources.jar
2026-06-16 13:27:11,674 [Worker-24: Updating Maven Project] INFO  o.e.m.j.i.AbstractJavaProjectConfigurator - Adding source folder /ramesh_Spring_JPA_REST_H2_Project/src/main/java
2026-06-16 13:27:11,674 [Worker-24: Updating Maven Project] INFO  o.e.m.j.i.AbstractJavaProjectConfigurator - Adding resource folder /ramesh_Spring_JPA_REST_H2_Project/src/main/resources
2026-06-16 13:27:11,683 [Worker-24: Updating Maven Project] INFO  o.e.m.j.i.AbstractJavaProjectConfigurator - Adding resource folder /ramesh_Spring_JPA_REST_H2_Project/src/main/resources
2026-06-16 13:27:11,683 [Worker-24: Updating Maven Project] INFO  o.e.m.j.i.AbstractJavaProjectConfigurator - Adding source folder /ramesh_Spring_JPA_REST_H2_Project/src/test/java
2026-06-16 13:27:11,683 [Worker-24: Updating Maven Project] INFO  o.e.m.j.i.AbstractJavaProjectConfigurator - Adding resource folder /ramesh_Spring_JPA_REST_H2_Project/src/test/resources
2026-06-16 13:27:12,409 [Worker-5: Download sources and javadoc] INFO  o.e.m.c.i.e.AbstractTransferListenerAdapter - Downloaded https://repo.spring.io/snapshot/org/springframework/boot/spring-boot-sql/4.1.1-SNAPSHOT/spring-boot-sql-4.1.1-20260615.142807-3-sources.jar
2026-06-16 13:27:12,602 [Worker-24: Updating Maven Project] WARN  o.apache.maven.project.MavenProject - Direct modification of compileSourceRoots through clear() is deprecated and will not work in Maven 4.0.0. Please use the add/remove methods instead. If you're using a plugin that causes this warning, please upgrade to the latest version and report an issue if the warning persists. To disable these warnings, set -Dmaven.project.sourceRoots.warningsDisabled=true on the command line, in the .mvn/maven.config file, or in project POM properties.
2026-06-16 13:27:12,605 [Worker-24: Updating Maven Project] WARN  o.apache.maven.project.MavenProject - Direct modification of compileSourceRoots through add() is deprecated and will not work in Maven 4.0.0. Please use the add/remove methods instead. If you're using a plugin that causes this warning, please upgrade to the latest version and report an issue if the warning persists. To disable these warnings, set -Dmaven.project.sourceRoots.warningsDisabled=true on the command line, in the .mvn/maven.config file, or in project POM properties.
2026-06-16 13:27:12,607 [Worker-24: Updating Maven Project] WARN  o.apache.maven.project.MavenProject - Direct modification of testCompileSourceRoots through clear() is deprecated and will not work in Maven 4.0.0. Please use the add/remove methods instead. If you're using a plugin that causes this warning, please upgrade to the latest version and report an issue if the warning persists. To disable these warnings, set -Dmaven.project.sourceRoots.warningsDisabled=true on the command line, in the .mvn/maven.config file, or in project POM properties.
2026-06-16 13:27:12,609 [Worker-24: Updating Maven Project] WARN  o.apache.maven.project.MavenProject - Direct modification of testCompileSourceRoots through add() is deprecated and will not work in Maven 4.0.0. Please use the add/remove methods instead. If you're using a plugin that causes this warning, please upgrade to the latest version and report an issue if the warning persists. To disable these warnings, set -Dmaven.project.sourceRoots.warningsDisabled=true on the command line, in the .mvn/maven.config file, or in project POM properties.
2026-06-16 13:27:12,764 [Worker-24: Updating Maven Project] INFO  o.e.m.c.i.p.ProjectConfigurationManager - Update completed for 1 poms: local refresh takes 0.00 sec, refresh facades takes 3.00 sec, update config takes 1.00 sec 
2026-06-16 13:27:13,548 [Worker-5: Download sources and javadoc] INFO  o.e.m.j.internal.DownloadSourcesJob - Downloaded sources for org.springframework.boot:spring-boot-sql:4.1.1-SNAPSHOT
2026-06-16 13:27:13,691 [Worker-5: Download sources and javadoc] INFO  o.e.m.c.i.e.AbstractTransferListenerAdapter - Downloading https://repo.spring.io/snapshot/org/springframework/boot/spring-boot-transaction/4.1.1-SNAPSHOT/spring-boot-transaction-4.1.1-20260615.142807-3-sources.jar
2026-06-16 13:27:14,213 [Worker-25: Building] INFO  o.a.m.s.f.DefaultMavenResourcesFiltering - Copying 1 resource from src\main\resources to target\classes
2026-06-16 13:27:14,252 [Worker-25: Building] INFO  o.a.m.s.f.DefaultMavenResourcesFiltering - Copying 0 resource from src\main\resources to target\classes
2026-06-16 13:27:14,265 [Worker-25: Building] INFO  o.a.m.s.f.DefaultMavenResourcesFiltering - skip non existing resourceDirectory C:\Eclipse_Projects\Spring_JPA_H2_RestAPI\ramesh_Spring_JPA_REST_H2_Project\src\test\resources
2026-06-16 13:27:14,367 [Worker-5: Download sources and javadoc] INFO  o.e.m.c.i.e.AbstractTransferListenerAdapter - Downloaded https://repo.spring.io/snapshot/org/springframework/boot/spring-boot-transaction/4.1.1-SNAPSHOT/spring-boot-transaction-4.1.1-20260615.142807-3-sources.jar
2026-06-16 13:27:15,086 [Worker-5: Download sources and javadoc] INFO  o.e.m.j.internal.DownloadSourcesJob - Downloaded sources for org.springframework.boot:spring-boot-transaction:4.1.1-SNAPSHOT
2026-06-16 13:27:15,108 [Worker-25: Building] WARN  Sisu - Error injecting: org.apache.maven.plugins.jar.JarMojo
com.google.inject.ProvisionException: Unable to provision, see the following errors:

1) [Guice/ErrorInCustomProvider]: OutOfScopeException: Cannot access session scope outside of a scoping block
  at SessionScopeModule.configure(SessionScopeModule.java:55)
      \_ installed by: WireModule -> SessionScopeModule
  at JarMojo.<init>(JarMojo.java:72)
      \_ for 2nd parameter
  while locating JarMojo

Learn more:
  https://github.com/google/guice/wiki/ERROR_IN_CUSTOM_PROVIDER

1 error

======================
Full classname legend:
======================
JarMojo:             "org.apache.maven.plugins.jar.JarMojo"
OutOfScopeException: "com.google.inject.OutOfScopeException"
SessionScopeModule:  "org.apache.maven.session.scope.internal.SessionScopeModule"
WireModule:          "org.eclipse.sisu.wire.WireModule"
========================
End of classname legend:
========================

	at com.google.inject.internal.InternalProvisionException.toProvisionException(InternalProvisionException.java:251)
	at com.google.inject.internal.InjectorImpl$1.get(InjectorImpl.java:1104)
	at com.google.inject.internal.InjectorImpl.getInstance(InjectorImpl.java:1139)
	at org.eclipse.sisu.space.AbstractDeferredClass.get(AbstractDeferredClass.java:50)
	at com.google.inject.internal.ProviderInternalFactory.provision(ProviderInternalFactory.java:86)
	at com.google.inject.internal.InternalFactoryToInitializableAdapter.provision(InternalFactoryToInitializableAdapter.java:57)
	at com.google.inject.internal.ProviderInternalFactory$1.call(ProviderInternalFactory.java:67)
	at com.google.inject.internal.ProvisionListenerStackCallback$Provision.provision(ProvisionListenerStackCallback.java:109)
	at com.google.inject.internal.ProvisionListenerStackCallback$Provision.provision(ProvisionListenerStackCallback.java:124)
	at com.google.inject.internal.ProvisionListenerStackCallback.provision(ProvisionListenerStackCallback.java:66)
	at com.google.inject.internal.ProviderInternalFactory.circularGet(ProviderInternalFactory.java:62)
	at com.google.inject.internal.InternalFactoryToInitializableAdapter.get(InternalFactoryToInitializableAdapter.java:47)
	at com.google.inject.internal.InjectorImpl$1.get(InjectorImpl.java:1101)
	at org.eclipse.sisu.inject.Guice4$2.get(Guice4.java:235)
	at org.eclipse.sisu.inject.LazyBeanEntry.getValue(LazyBeanEntry.java:83)
	at org.eclipse.sisu.plexus.LazyPlexusBean.getValue(LazyPlexusBean.java:53)
	at org.codehaus.plexus.DefaultPlexusContainer.lookup(DefaultPlexusContainer.java:267)
	at org.codehaus.plexus.DefaultPlexusContainer.lookup(DefaultPlexusContainer.java:259)
	at org.apache.maven.plugin.internal.DefaultMavenPluginManager.getConfiguredMojo(DefaultMavenPluginManager.java:491)
	at org.eclipse.m2e.core.internal.embedder.MavenImpl.getConfiguredMojo(MavenImpl.java:215)
	at org.eclipse.m2e.mavenarchiver.internal.AbstractMavenArchiverConfigurator.reflectManifestGeneration(AbstractMavenArchiverConfigurator.java:439)
	at org.eclipse.m2e.mavenarchiver.internal.AbstractMavenArchiverConfigurator.lambda$3(AbstractMavenArchiverConfigurator.java:398)
	at org.eclipse.m2e.core.internal.embedder.MavenExecutionContext.executeBare(MavenExecutionContext.java:462)
	at org.eclipse.m2e.core.internal.embedder.MavenExecutionContext.execute(MavenExecutionContext.java:342)
	at org.eclipse.m2e.core.internal.embedder.MavenExecutionContext.execute(MavenExecutionContext.java:281)
	at org.eclipse.m2e.mavenarchiver.internal.AbstractMavenArchiverConfigurator.generateManifest(AbstractMavenArchiverConfigurator.java:371)
	at org.eclipse.m2e.mavenarchiver.internal.AbstractMavenArchiverConfigurator.mavenProjectChanged(AbstractMavenArchiverConfigurator.java:228)
	at org.eclipse.m2e.mavenarchiver.internal.AbstractMavenArchiverConfigurator$1.build(AbstractMavenArchiverConfigurator.java:178)
	at org.eclipse.m2e.core.internal.builder.MavenBuilderImpl.lambda$2(MavenBuilderImpl.java:159)
	at java.base/java.util.LinkedHashMap.forEach(LinkedHashMap.java:986)
	at org.eclipse.m2e.core.internal.builder.MavenBuilderImpl.build(MavenBuilderImpl.java:139)
	at org.eclipse.m2e.core.internal.builder.MavenBuilder$1.method(MavenBuilder.java:164)
	at org.eclipse.m2e.core.internal.builder.MavenBuilder$1.method(MavenBuilder.java:1)
	at org.eclipse.m2e.core.internal.builder.MavenBuilder$BuildMethod.lambda$1(MavenBuilder.java:109)
	at org.eclipse.m2e.core.internal.embedder.MavenExecutionContext.executeBare(MavenExecutionContext.java:462)
	at org.eclipse.m2e.core.internal.embedder.MavenExecutionContext.execute(MavenExecutionContext.java:295)
	at org.eclipse.m2e.core.internal.builder.MavenBuilder$BuildMethod.lambda$0(MavenBuilder.java:100)
	at org.eclipse.m2e.core.internal.embedder.MavenExecutionContext.executeBare(MavenExecutionContext.java:462)
	at org.eclipse.m2e.core.internal.embedder.MavenExecutionContext.execute(MavenExecutionContext.java:342)
	at org.eclipse.m2e.core.internal.embedder.MavenExecutionContext.execute(MavenExecutionContext.java:281)
	at org.eclipse.m2e.core.internal.builder.MavenBuilder$BuildMethod.execute(MavenBuilder.java:83)
	at org.eclipse.m2e.core.internal.builder.MavenBuilder.build(MavenBuilder.java:192)
	at org.eclipse.core.internal.events.BuildManager$2.run(BuildManager.java:1109)
	at org.eclipse.core.runtime.SafeRunner.run(SafeRunner.java:47)
	at org.eclipse.core.internal.events.BuildManager.basicBuild(BuildManager.java:299)
	at org.eclipse.core.internal.events.BuildManager.basicBuild(BuildManager.java:355)
	at org.eclipse.core.internal.events.BuildManager$1.run(BuildManager.java:449)
	at org.eclipse.core.runtime.SafeRunner.run(SafeRunner.java:47)
	at org.eclipse.core.internal.events.BuildManager.basicBuild(BuildManager.java:452)
	at org.eclipse.core.internal.events.BuildManager.basicBuildLoop(BuildManager.java:564)
	at org.eclipse.core.internal.events.BuildManager.basicBuildLoop(BuildManager.java:512)
	at org.eclipse.core.internal.events.BuildManager.build(BuildManager.java:594)
	at org.eclipse.core.internal.events.AutoBuildJob.doBuild(AutoBuildJob.java:208)
	at org.eclipse.core.internal.events.AutoBuildJob.run(AutoBuildJob.java:309)
	at org.eclipse.core.internal.jobs.Worker.run(Worker.java:63)
Caused by: com.google.inject.OutOfScopeException: Cannot access session scope outside of a scoping block
	at org.apache.maven.session.scope.internal.SessionScope.getScopeState(SessionScope.java:70)
	at org.apache.maven.session.scope.internal.SessionScope.lambda$scope$2(SessionScope.java:92)
	at com.google.inject.internal.InternalFactoryToProviderAdapter.get(InternalFactoryToProviderAdapter.java:45)
	at com.google.inject.internal.SingleParameterInjector.inject(SingleParameterInjector.java:40)
	at com.google.inject.internal.SingleParameterInjector.getAll(SingleParameterInjector.java:60)
	at com.google.inject.internal.ConstructorInjector.provision(ConstructorInjector.java:113)
	at com.google.inject.internal.ConstructorInjector.access$000(ConstructorInjector.java:33)
	at com.google.inject.internal.ConstructorInjector$1.call(ConstructorInjector.java:98)
	at com.google.inject.internal.ProvisionListenerStackCallback$Provision.provision(ProvisionListenerStackCallback.java:109)
	at com.google.inject.internal.ProvisionListenerStackCallback$Provision.provision(ProvisionListenerStackCallback.java:124)
	at com.google.inject.internal.ProvisionListenerStackCallback.provision(ProvisionListenerStackCallback.java:66)
	at com.google.inject.internal.ConstructorInjector.construct(ConstructorInjector.java:93)
	at com.google.inject.internal.ConstructorBindingImpl$Factory.get(ConstructorBindingImpl.java:300)
	at com.google.inject.internal.InjectorImpl$1.get(InjectorImpl.java:1101)
	... 53 common frames omitted
2026-06-16 13:27:15,237 [Worker-25: Building] WARN  o.apache.maven.project.MavenProject - Direct modification of compileSourceRoots through clear() is deprecated and will not work in Maven 4.0.0. Please use the add/remove methods instead. If you're using a plugin that causes this warning, please upgrade to the latest version and report an issue if the warning persists. To disable these warnings, set -Dmaven.project.sourceRoots.warningsDisabled=true on the command line, in the .mvn/maven.config file, or in project POM properties.
2026-06-16 13:27:15,241 [Worker-25: Building] WARN  o.apache.maven.project.MavenProject - Direct modification of compileSourceRoots through add() is deprecated and will not work in Maven 4.0.0. Please use the add/remove methods instead. If you're using a plugin that causes this warning, please upgrade to the latest version and report an issue if the warning persists. To disable these warnings, set -Dmaven.project.sourceRoots.warningsDisabled=true on the command line, in the .mvn/maven.config file, or in project POM properties.
2026-06-16 13:27:15,243 [Worker-25: Building] WARN  o.apache.maven.project.MavenProject - Direct modification of testCompileSourceRoots through clear() is deprecated and will not work in Maven 4.0.0. Please use the add/remove methods instead. If you're using a plugin that causes this warning, please upgrade to the latest version and report an issue if the warning persists. To disable these warnings, set -Dmaven.project.sourceRoots.warningsDisabled=true on the command line, in the .mvn/maven.config file, or in project POM properties.
2026-06-16 13:27:15,243 [Worker-25: Building] WARN  o.apache.maven.project.MavenProject - Direct modification of testCompileSourceRoots through add() is deprecated and will not work in Maven 4.0.0. Please use the add/remove methods instead. If you're using a plugin that causes this warning, please upgrade to the latest version and report an issue if the warning persists. To disable these warnings, set -Dmaven.project.sourceRoots.warningsDisabled=true on the command line, in the .mvn/maven.config file, or in project POM properties.
2026-06-16 13:27:15,251 [Worker-5: Download sources and javadoc] INFO  o.e.m.c.i.e.AbstractTransferListenerAdapter - Downloading https://repo.spring.io/snapshot/org/springframework/boot/spring-boot-starter-webmvc/4.1.1-SNAPSHOT/spring-boot-starter-webmvc-4.1.1-20260615.142807-3-sources.jar
2026-06-16 13:27:15,389 [Worker-5: Download sources and javadoc] INFO  o.e.m.c.i.e.AbstractTransferListenerAdapter - Downloaded https://repo.spring.io/snapshot/org/springframework/boot/spring-boot-starter-webmvc/4.1.1-SNAPSHOT/spring-boot-starter-webmvc-4.1.1-20260615.142807-3-sources.jar
2026-06-16 13:27:15,417 [Worker-5: Download sources and javadoc] INFO  o.e.m.j.internal.DownloadSourcesJob - Downloaded sources for org.springframework.boot:spring-boot-starter-webmvc:4.1.1-SNAPSHOT
2026-06-16 13:27:15,587 [Worker-5: Download sources and javadoc] INFO  o.e.m.c.i.e.AbstractTransferListenerAdapter - Downloading https://repo.spring.io/snapshot/org/springframework/boot/spring-boot-starter-jackson/4.1.1-SNAPSHOT/spring-boot-starter-jackson-4.1.1-20260615.142807-3-sources.jar
2026-06-16 13:27:15,612 [Worker-5: Download sources and javadoc] INFO  o.e.m.c.i.e.AbstractTransferListenerAdapter - Downloaded https://repo.spring.io/snapshot/org/springframework/boot/spring-boot-starter-jackson/4.1.1-SNAPSHOT/spring-boot-starter-jackson-4.1.1-20260615.142807-3-sources.jar
2026-06-16 13:27:15,643 [Worker-5: Download sources and javadoc] INFO  o.e.m.j.internal.DownloadSourcesJob - Downloaded sources for org.springframework.boot:spring-boot-starter-jackson:4.1.1-SNAPSHOT
2026-06-16 13:27:15,800 [Worker-5: Download sources and javadoc] INFO  o.e.m.c.i.e.AbstractTransferListenerAdapter - Downloading https://repo.spring.io/snapshot/org/springframework/boot/spring-boot-jackson/4.1.1-SNAPSHOT/spring-boot-jackson-4.1.1-20260615.142807-3-sources.jar
2026-06-16 13:27:17,228 [Worker-5: Download sources and javadoc] INFO  o.e.m.c.i.e.AbstractTransferListenerAdapter - Downloaded https://repo.spring.io/snapshot/org/springframework/boot/spring-boot-jackson/4.1.1-SNAPSHOT/spring-boot-jackson-4.1.1-20260615.142807-3-sources.jar
2026-06-16 13:27:18,584 [Worker-5: Download sources and javadoc] INFO  o.e.m.j.internal.DownloadSourcesJob - Downloaded sources for org.springframework.boot:spring-boot-jackson:4.1.1-SNAPSHOT
2026-06-16 13:27:18,718 [Worker-5: Download sources and javadoc] INFO  o.e.m.c.i.e.AbstractTransferListenerAdapter - Downloading https://repo.spring.io/snapshot/org/springframework/boot/spring-boot-starter-tomcat/4.1.1-SNAPSHOT/spring-boot-starter-tomcat-4.1.1-20260615.142807-3-sources.jar
2026-06-16 13:27:18,741 [Worker-5: Download sources and javadoc] INFO  o.e.m.c.i.e.AbstractTransferListenerAdapter - Downloaded https://repo.spring.io/snapshot/org/springframework/boot/spring-boot-starter-tomcat/4.1.1-SNAPSHOT/spring-boot-starter-tomcat-4.1.1-20260615.142807-3-sources.jar
2026-06-16 13:27:18,764 [Worker-5: Download sources and javadoc] INFO  o.e.m.j.internal.DownloadSourcesJob - Downloaded sources for org.springframework.boot:spring-boot-starter-tomcat:4.1.1-SNAPSHOT
2026-06-16 13:27:18,899 [Worker-5: Download sources and javadoc] INFO  o.e.m.c.i.e.AbstractTransferListenerAdapter - Downloading https://repo.spring.io/snapshot/org/springframework/boot/spring-boot-starter-tomcat-runtime/4.1.1-SNAPSHOT/spring-boot-starter-tomcat-runtime-4.1.1-20260615.142807-3-sources.jar
2026-06-16 13:27:18,918 [Worker-5: Download sources and javadoc] INFO  o.e.m.c.i.e.AbstractTransferListenerAdapter - Downloaded https://repo.spring.io/snapshot/org/springframework/boot/spring-boot-starter-tomcat-runtime/4.1.1-SNAPSHOT/spring-boot-starter-tomcat-runtime-4.1.1-20260615.142807-3-sources.jar
2026-06-16 13:27:18,942 [Worker-5: Download sources and javadoc] INFO  o.e.m.j.internal.DownloadSourcesJob - Downloaded sources for org.springframework.boot:spring-boot-starter-tomcat-runtime:4.1.1-SNAPSHOT
2026-06-16 13:27:19,075 [Worker-5: Download sources and javadoc] INFO  o.e.m.c.i.e.AbstractTransferListenerAdapter - Downloading https://repo.spring.io/snapshot/org/springframework/boot/spring-boot-tomcat/4.1.1-SNAPSHOT/spring-boot-tomcat-4.1.1-20260615.142807-3-sources.jar
2026-06-16 13:27:19,207 [Worker-5: Download sources and javadoc] INFO  o.e.m.c.i.e.AbstractTransferListenerAdapter - Downloaded https://repo.spring.io/snapshot/org/springframework/boot/spring-boot-tomcat/4.1.1-SNAPSHOT/spring-boot-tomcat-4.1.1-20260615.142807-3-sources.jar
2026-06-16 13:27:19,271 [Worker-5: Download sources and javadoc] INFO  o.e.m.j.internal.DownloadSourcesJob - Downloaded sources for org.springframework.boot:spring-boot-tomcat:4.1.1-SNAPSHOT
2026-06-16 13:27:19,421 [Worker-5: Download sources and javadoc] INFO  o.e.m.c.i.e.AbstractTransferListenerAdapter - Downloading https://repo.spring.io/snapshot/org/springframework/boot/spring-boot-http-converter/4.1.1-SNAPSHOT/spring-boot-http-converter-4.1.1-20260615.142807-3-sources.jar
2026-06-16 13:27:20,275 [Worker-5: Download sources and javadoc] INFO  o.e.m.c.i.e.AbstractTransferListenerAdapter - Downloaded https://repo.spring.io/snapshot/org/springframework/boot/spring-boot-http-converter/4.1.1-SNAPSHOT/spring-boot-http-converter-4.1.1-20260615.142807-3-sources.jar
2026-06-16 13:27:21,493 [Worker-5: Download sources and javadoc] INFO  o.e.m.j.internal.DownloadSourcesJob - Downloaded sources for org.springframework.boot:spring-boot-http-converter:4.1.1-SNAPSHOT
2026-06-16 13:27:21,602 [Worker-5: Download sources and javadoc] INFO  o.e.m.c.i.e.AbstractTransferListenerAdapter - Downloading https://repo.spring.io/snapshot/org/springframework/boot/spring-boot-webmvc/4.1.1-SNAPSHOT/spring-boot-webmvc-4.1.1-20260615.142807-3-sources.jar
2026-06-16 13:27:21,720 [Worker-5: Download sources and javadoc] INFO  o.e.m.c.i.e.AbstractTransferListenerAdapter - Downloaded https://repo.spring.io/snapshot/org/springframework/boot/spring-boot-webmvc/4.1.1-SNAPSHOT/spring-boot-webmvc-4.1.1-20260615.142807-3-sources.jar
2026-06-16 13:27:21,796 [Worker-5: Download sources and javadoc] INFO  o.e.m.j.internal.DownloadSourcesJob - Downloaded sources for org.springframework.boot:spring-boot-webmvc:4.1.1-SNAPSHOT
2026-06-16 13:27:21,923 [Worker-5: Download sources and javadoc] INFO  o.e.m.c.i.e.AbstractTransferListenerAdapter - Downloading https://repo.spring.io/snapshot/org/springframework/boot/spring-boot-servlet/4.1.1-SNAPSHOT/spring-boot-servlet-4.1.1-20260615.142807-3-sources.jar
2026-06-16 13:27:23,147 [Worker-5: Download sources and javadoc] INFO  o.e.m.c.i.e.AbstractTransferListenerAdapter - Downloaded https://repo.spring.io/snapshot/org/springframework/boot/spring-boot-servlet/4.1.1-SNAPSHOT/spring-boot-servlet-4.1.1-20260615.142807-3-sources.jar
2026-06-16 13:27:24,927 [Worker-5: Download sources and javadoc] INFO  o.e.m.j.internal.DownloadSourcesJob - Downloaded sources for org.springframework.boot:spring-boot-servlet:4.1.1-SNAPSHOT
2026-06-16 13:27:25,066 [Worker-5: Download sources and javadoc] INFO  o.e.m.c.i.e.AbstractTransferListenerAdapter - Downloading https://repo.spring.io/snapshot/org/springframework/boot/spring-boot-starter-data-jpa-test/4.1.1-SNAPSHOT/spring-boot-starter-data-jpa-test-4.1.1-20260615.142807-3-sources.jar
2026-06-16 13:27:25,082 [Worker-5: Download sources and javadoc] INFO  o.e.m.c.i.e.AbstractTransferListenerAdapter - Downloaded https://repo.spring.io/snapshot/org/springframework/boot/spring-boot-starter-data-jpa-test/4.1.1-SNAPSHOT/spring-boot-starter-data-jpa-test-4.1.1-20260615.142807-3-sources.jar
2026-06-16 13:27:25,105 [Worker-5: Download sources and javadoc] INFO  o.e.m.j.internal.DownloadSourcesJob - Downloaded sources for org.springframework.boot:spring-boot-starter-data-jpa-test:4.1.1-SNAPSHOT
2026-06-16 13:27:25,237 [Worker-5: Download sources and javadoc] INFO  o.e.m.c.i.e.AbstractTransferListenerAdapter - Downloading https://repo.spring.io/snapshot/org/springframework/boot/spring-boot-starter-test/4.1.1-SNAPSHOT/spring-boot-starter-test-4.1.1-20260615.142807-3-sources.jar
2026-06-16 13:27:25,291 [Worker-5: Download sources and javadoc] INFO  o.e.m.c.i.e.AbstractTransferListenerAdapter - Downloaded https://repo.spring.io/snapshot/org/springframework/boot/spring-boot-starter-test/4.1.1-SNAPSHOT/spring-boot-starter-test-4.1.1-20260615.142807-3-sources.jar
2026-06-16 13:27:25,352 [Worker-5: Download sources and javadoc] INFO  o.e.m.j.internal.DownloadSourcesJob - Downloaded sources for org.springframework.boot:spring-boot-starter-test:4.1.1-SNAPSHOT
2026-06-16 13:27:25,458 [Worker-5: Download sources and javadoc] INFO  o.e.m.c.i.e.AbstractTransferListenerAdapter - Downloading https://repo.spring.io/snapshot/org/springframework/boot/spring-boot-test/4.1.1-SNAPSHOT/spring-boot-test-4.1.1-20260615.142807-3-sources.jar
2026-06-16 13:27:25,594 [Worker-5: Download sources and javadoc] INFO  o.e.m.c.i.e.AbstractTransferListenerAdapter - Downloaded https://repo.spring.io/snapshot/org/springframework/boot/spring-boot-test/4.1.1-SNAPSHOT/spring-boot-test-4.1.1-20260615.142807-3-sources.jar
2026-06-16 13:27:25,655 [Worker-5: Download sources and javadoc] INFO  o.e.m.j.internal.DownloadSourcesJob - Downloaded sources for org.springframework.boot:spring-boot-test:4.1.1-SNAPSHOT
2026-06-16 13:27:25,796 [Worker-5: Download sources and javadoc] INFO  o.e.m.c.i.e.AbstractTransferListenerAdapter - Downloading https://repo.spring.io/snapshot/org/springframework/boot/spring-boot-test-autoconfigure/4.1.1-SNAPSHOT/spring-boot-test-autoconfigure-4.1.1-20260615.142807-3-sources.jar
2026-06-16 13:27:26,485 [Worker-5: Download sources and javadoc] INFO  o.e.m.c.i.e.AbstractTransferListenerAdapter - Downloaded https://repo.spring.io/snapshot/org/springframework/boot/spring-boot-test-autoconfigure/4.1.1-SNAPSHOT/spring-boot-test-autoconfigure-4.1.1-20260615.142807-3-sources.jar
2026-06-16 13:27:27,395 [Worker-5: Download sources and javadoc] INFO  o.e.m.j.internal.DownloadSourcesJob - Downloaded sources for org.springframework.boot:spring-boot-test-autoconfigure:4.1.1-SNAPSHOT
2026-06-16 13:27:27,545 [Worker-5: Download sources and javadoc] INFO  o.e.m.c.i.e.AbstractTransferListenerAdapter - Downloading https://repo.spring.io/snapshot/org/springframework/boot/spring-boot-starter-jdbc-test/4.1.1-SNAPSHOT/spring-boot-starter-jdbc-test-4.1.1-20260615.142807-3-sources.jar
2026-06-16 13:27:27,572 [Worker-5: Download sources and javadoc] INFO  o.e.m.c.i.e.AbstractTransferListenerAdapter - Downloaded https://repo.spring.io/snapshot/org/springframework/boot/spring-boot-starter-jdbc-test/4.1.1-SNAPSHOT/spring-boot-starter-jdbc-test-4.1.1-20260615.142807-3-sources.jar
2026-06-16 13:27:27,594 [Worker-5: Download sources and javadoc] INFO  o.e.m.j.internal.DownloadSourcesJob - Downloaded sources for org.springframework.boot:spring-boot-starter-jdbc-test:4.1.1-SNAPSHOT
2026-06-16 13:27:27,737 [Worker-5: Download sources and javadoc] INFO  o.e.m.c.i.e.AbstractTransferListenerAdapter - Downloading https://repo.spring.io/snapshot/org/springframework/boot/spring-boot-jdbc-test/4.1.1-SNAPSHOT/spring-boot-jdbc-test-4.1.1-20260615.142807-3-sources.jar
2026-06-16 13:27:28,131 [Worker-5: Download sources and javadoc] INFO  o.e.m.c.i.e.AbstractTransferListenerAdapter - Downloaded https://repo.spring.io/snapshot/org/springframework/boot/spring-boot-jdbc-test/4.1.1-SNAPSHOT/spring-boot-jdbc-test-4.1.1-20260615.142807-3-sources.jar
2026-06-16 13:27:28,669 [Worker-5: Download sources and javadoc] INFO  o.e.m.j.internal.DownloadSourcesJob - Downloaded sources for org.springframework.boot:spring-boot-jdbc-test:4.1.1-SNAPSHOT
2026-06-16 13:27:28,808 [Worker-5: Download sources and javadoc] INFO  o.e.m.c.i.e.AbstractTransferListenerAdapter - Downloading https://repo.spring.io/snapshot/org/springframework/boot/spring-boot-data-jpa-test/4.1.1-SNAPSHOT/spring-boot-data-jpa-test-4.1.1-20260615.142807-3-sources.jar
2026-06-16 13:27:29,204 [Worker-5: Download sources and javadoc] INFO  o.e.m.c.i.e.AbstractTransferListenerAdapter - Downloaded https://repo.spring.io/snapshot/org/springframework/boot/spring-boot-data-jpa-test/4.1.1-SNAPSHOT/spring-boot-data-jpa-test-4.1.1-20260615.142807-3-sources.jar
2026-06-16 13:27:29,617 [Worker-5: Download sources and javadoc] INFO  o.e.m.j.internal.DownloadSourcesJob - Downloaded sources for org.springframework.boot:spring-boot-data-jpa-test:4.1.1-SNAPSHOT
2026-06-16 13:27:29,755 [Worker-5: Download sources and javadoc] INFO  o.e.m.c.i.e.AbstractTransferListenerAdapter - Downloading https://repo.spring.io/snapshot/org/springframework/boot/spring-boot-jpa-test/4.1.1-SNAPSHOT/spring-boot-jpa-test-4.1.1-20260615.142807-3-sources.jar
2026-06-16 13:27:30,135 [Worker-5: Download sources and javadoc] INFO  o.e.m.c.i.e.AbstractTransferListenerAdapter - Downloaded https://repo.spring.io/snapshot/org/springframework/boot/spring-boot-jpa-test/4.1.1-SNAPSHOT/spring-boot-jpa-test-4.1.1-20260615.142807-3-sources.jar
2026-06-16 13:27:30,535 [Worker-5: Download sources and javadoc] INFO  o.e.m.j.internal.DownloadSourcesJob - Downloaded sources for org.springframework.boot:spring-boot-jpa-test:4.1.1-SNAPSHOT
2026-06-16 13:27:30,859 [Worker-5: Download sources and javadoc] INFO  o.e.m.c.i.e.AbstractTransferListenerAdapter - Downloading https://repo.spring.io/snapshot/org/springframework/boot/spring-boot-starter-webmvc-test/4.1.1-SNAPSHOT/spring-boot-starter-webmvc-test-4.1.1-20260615.142807-3-sources.jar
2026-06-16 13:27:30,878 [Worker-5: Download sources and javadoc] INFO  o.e.m.c.i.e.AbstractTransferListenerAdapter - Downloaded https://repo.spring.io/snapshot/org/springframework/boot/spring-boot-starter-webmvc-test/4.1.1-SNAPSHOT/spring-boot-starter-webmvc-test-4.1.1-20260615.142807-3-sources.jar
2026-06-16 13:27:30,900 [Worker-5: Download sources and javadoc] INFO  o.e.m.j.internal.DownloadSourcesJob - Downloaded sources for org.springframework.boot:spring-boot-starter-webmvc-test:4.1.1-SNAPSHOT
2026-06-16 13:27:31,035 [Worker-5: Download sources and javadoc] INFO  o.e.m.c.i.e.AbstractTransferListenerAdapter - Downloading https://repo.spring.io/snapshot/org/springframework/boot/spring-boot-starter-jackson-test/4.1.1-SNAPSHOT/spring-boot-starter-jackson-test-4.1.1-20260615.142807-3-sources.jar
2026-06-16 13:27:31,072 [Worker-5: Download sources and javadoc] INFO  o.e.m.c.i.e.AbstractTransferListenerAdapter - Downloaded https://repo.spring.io/snapshot/org/springframework/boot/spring-boot-starter-jackson-test/4.1.1-SNAPSHOT/spring-boot-starter-jackson-test-4.1.1-20260615.142807-3-sources.jar
2026-06-16 13:27:31,098 [Worker-5: Download sources and javadoc] INFO  o.e.m.j.internal.DownloadSourcesJob - Downloaded sources for org.springframework.boot:spring-boot-starter-jackson-test:4.1.1-SNAPSHOT
2026-06-16 13:27:31,244 [Worker-5: Download sources and javadoc] INFO  o.e.m.c.i.e.AbstractTransferListenerAdapter - Downloading https://repo.spring.io/snapshot/org/springframework/boot/spring-boot-webmvc-test/4.1.1-SNAPSHOT/spring-boot-webmvc-test-4.1.1-20260615.142807-3-sources.jar
2026-06-16 13:27:32,106 [Worker-5: Download sources and javadoc] INFO  o.e.m.c.i.e.AbstractTransferListenerAdapter - Downloaded https://repo.spring.io/snapshot/org/springframework/boot/spring-boot-webmvc-test/4.1.1-SNAPSHOT/spring-boot-webmvc-test-4.1.1-20260615.142807-3-sources.jar
2026-06-16 13:27:33,275 [Worker-5: Download sources and javadoc] INFO  o.e.m.j.internal.DownloadSourcesJob - Downloaded sources for org.springframework.boot:spring-boot-webmvc-test:4.1.1-SNAPSHOT
2026-06-16 13:27:33,420 [Worker-5: Download sources and javadoc] INFO  o.e.m.c.i.e.AbstractTransferListenerAdapter - Downloading https://repo.spring.io/snapshot/org/springframework/boot/spring-boot-web-server/4.1.1-SNAPSHOT/spring-boot-web-server-4.1.1-20260615.142807-3-sources.jar
2026-06-16 13:27:33,570 [Worker-5: Download sources and javadoc] INFO  o.e.m.c.i.e.AbstractTransferListenerAdapter - Downloaded https://repo.spring.io/snapshot/org/springframework/boot/spring-boot-web-server/4.1.1-SNAPSHOT/spring-boot-web-server-4.1.1-20260615.142807-3-sources.jar
2026-06-16 13:27:33,643 [Worker-5: Download sources and javadoc] INFO  o.e.m.j.internal.DownloadSourcesJob - Downloaded sources for org.springframework.boot:spring-boot-web-server:4.1.1-SNAPSHOT
2026-06-16 13:27:33,786 [Worker-5: Download sources and javadoc] INFO  o.e.m.c.i.e.AbstractTransferListenerAdapter - Downloading https://repo.spring.io/snapshot/org/springframework/boot/spring-boot-resttestclient/4.1.1-SNAPSHOT/spring-boot-resttestclient-4.1.1-20260615.142807-3-sources.jar
2026-06-16 13:27:34,284 [Worker-5: Download sources and javadoc] INFO  o.e.m.c.i.e.AbstractTransferListenerAdapter - Downloaded https://repo.spring.io/snapshot/org/springframework/boot/spring-boot-resttestclient/4.1.1-SNAPSHOT/spring-boot-resttestclient-4.1.1-20260615.142807-3-sources.jar
2026-06-16 13:27:35,025 [Worker-5: Download sources and javadoc] INFO  o.e.m.j.internal.DownloadSourcesJob - Downloaded sources for org.springframework.boot:spring-boot-resttestclient:4.1.1-SNAPSHOT
2026-06-16 13:30:40,500 [Worker-2: Loading available Gradle versions] INFO  o.e.b.c.i.u.g.PublishedGradleVersions - Gradle version information cache is up-to-date. Trying to read.
2026-06-16 13:32:00,298 [Worker-10: Updating Maven Project] INFO  o.e.m.c.i.p.ProjectConfigurationManager - Update started
2026-06-16 13:32:00,914 [Worker-10: Updating Maven Project] INFO  o.e.m.c.i.e.AbstractTransferListenerAdapter - Downloading https://repo.spring.io/snapshot/org/springframework/boot/spring-boot-starter-parent/4.1.1-SNAPSHOT/maven-metadata.xml
2026-06-16 13:32:00,929 [Worker-10: Updating Maven Project] INFO  o.e.m.c.i.e.AbstractTransferListenerAdapter - Downloaded https://repo.spring.io/snapshot/org/springframework/boot/spring-boot-starter-parent/4.1.1-SNAPSHOT/maven-metadata.xml
2026-06-16 13:32:00,970 [Worker-10: Updating Maven Project] INFO  o.e.m.c.i.e.AbstractTransferListenerAdapter - Downloading https://repo.spring.io/snapshot/org/springframework/boot/spring-boot-dependencies/4.1.1-SNAPSHOT/maven-metadata.xml
2026-06-16 13:32:00,981 [Worker-10: Updating Maven Project] INFO  o.e.m.c.i.e.AbstractTransferListenerAdapter - Downloaded https://repo.spring.io/snapshot/org/springframework/boot/spring-boot-dependencies/4.1.1-SNAPSHOT/maven-metadata.xml
2026-06-16 13:32:01,427 [Worker-10: Updating Maven Project] INFO  o.e.m.c.i.e.AbstractTransferListenerAdapter - Downloading https://repo.spring.io/snapshot/org/springframework/boot/spring-boot-maven-plugin/4.1.1-SNAPSHOT/maven-metadata.xml
2026-06-16 13:32:01,473 [Worker-10: Updating Maven Project] INFO  o.e.m.c.i.e.AbstractTransferListenerAdapter - Downloaded https://repo.spring.io/snapshot/org/springframework/boot/spring-boot-maven-plugin/4.1.1-SNAPSHOT/maven-metadata.xml
2026-06-16 13:32:01,844 [Worker-10: Updating Maven Project] INFO  o.e.m.c.i.l.LifecycleMappingFactory - Using org.eclipse.m2e.jdt.JarLifecycleMapping lifecycle mapping for MavenProject: com.example:ramesh_Spring_JPA_REST_H2_Project:0.0.1-SNAPSHOT @ C:\Eclipse_Projects\Spring_JPA_H2_RestAPI\ramesh_Spring_JPA_REST_H2_Project\pom.xml.
2026-06-16 13:32:01,884 [Worker-10: Updating Maven Project] INFO  o.e.m.c.i.e.AbstractTransferListenerAdapter - Downloading https://repo.spring.io/snapshot/org/springframework/boot/spring-boot-h2console/4.1.1-SNAPSHOT/maven-metadata.xml
2026-06-16 13:32:01,902 [Worker-10: Updating Maven Project] INFO  o.e.m.c.i.e.AbstractTransferListenerAdapter - Downloaded https://repo.spring.io/snapshot/org/springframework/boot/spring-boot-h2console/4.1.1-SNAPSHOT/maven-metadata.xml
2026-06-16 13:32:01,960 [Worker-10: Updating Maven Project] INFO  o.e.m.c.i.e.AbstractTransferListenerAdapter - Downloading https://repo.spring.io/snapshot/org/springframework/boot/spring-boot/4.1.1-SNAPSHOT/maven-metadata.xml
2026-06-16 13:32:01,986 [Worker-10: Updating Maven Project] INFO  o.e.m.c.i.e.AbstractTransferListenerAdapter - Downloaded https://repo.spring.io/snapshot/org/springframework/boot/spring-boot/4.1.1-SNAPSHOT/maven-metadata.xml
2026-06-16 13:32:02,068 [Worker-10: Updating Maven Project] INFO  o.e.m.c.i.e.AbstractTransferListenerAdapter - Downloading https://repo.spring.io/snapshot/org/springframework/boot/spring-boot-starter-data-jpa/4.1.1-SNAPSHOT/maven-metadata.xml
2026-06-16 13:32:02,084 [Worker-10: Updating Maven Project] INFO  o.e.m.c.i.e.AbstractTransferListenerAdapter - Downloaded https://repo.spring.io/snapshot/org/springframework/boot/spring-boot-starter-data-jpa/4.1.1-SNAPSHOT/maven-metadata.xml
2026-06-16 13:32:02,150 [Worker-10: Updating Maven Project] INFO  o.e.m.c.i.e.AbstractTransferListenerAdapter - Downloading https://repo.spring.io/snapshot/org/springframework/boot/spring-boot-starter/4.1.1-SNAPSHOT/maven-metadata.xml
2026-06-16 13:32:02,166 [Worker-10: Updating Maven Project] INFO  o.e.m.c.i.e.AbstractTransferListenerAdapter - Downloaded https://repo.spring.io/snapshot/org/springframework/boot/spring-boot-starter/4.1.1-SNAPSHOT/maven-metadata.xml
2026-06-16 13:32:02,218 [Worker-10: Updating Maven Project] INFO  o.e.m.c.i.e.AbstractTransferListenerAdapter - Downloading https://repo.spring.io/snapshot/org/springframework/boot/spring-boot-starter-logging/4.1.1-SNAPSHOT/maven-metadata.xml
2026-06-16 13:32:02,231 [Worker-10: Updating Maven Project] INFO  o.e.m.c.i.e.AbstractTransferListenerAdapter - Downloaded https://repo.spring.io/snapshot/org/springframework/boot/spring-boot-starter-logging/4.1.1-SNAPSHOT/maven-metadata.xml
2026-06-16 13:32:02,360 [Worker-10: Updating Maven Project] INFO  o.e.m.c.i.e.AbstractTransferListenerAdapter - Downloading https://repo.spring.io/snapshot/org/springframework/boot/spring-boot-autoconfigure/4.1.1-SNAPSHOT/maven-metadata.xml
2026-06-16 13:32:02,369 [Worker-10: Updating Maven Project] INFO  o.e.m.c.i.e.AbstractTransferListenerAdapter - Downloaded https://repo.spring.io/snapshot/org/springframework/boot/spring-boot-autoconfigure/4.1.1-SNAPSHOT/maven-metadata.xml
2026-06-16 13:32:02,467 [Worker-10: Updating Maven Project] INFO  o.e.m.c.i.e.AbstractTransferListenerAdapter - Downloading https://repo.spring.io/snapshot/org/springframework/boot/spring-boot-starter-jdbc/4.1.1-SNAPSHOT/maven-metadata.xml
2026-06-16 13:32:02,488 [Worker-10: Updating Maven Project] INFO  o.e.m.c.i.e.AbstractTransferListenerAdapter - Downloaded https://repo.spring.io/snapshot/org/springframework/boot/spring-boot-starter-jdbc/4.1.1-SNAPSHOT/maven-metadata.xml
2026-06-16 13:32:02,543 [Worker-10: Updating Maven Project] INFO  o.e.m.c.i.e.AbstractTransferListenerAdapter - Downloading https://repo.spring.io/snapshot/org/springframework/boot/spring-boot-jdbc/4.1.1-SNAPSHOT/maven-metadata.xml
2026-06-16 13:32:02,558 [Worker-10: Updating Maven Project] INFO  o.e.m.c.i.e.AbstractTransferListenerAdapter - Downloaded https://repo.spring.io/snapshot/org/springframework/boot/spring-boot-jdbc/4.1.1-SNAPSHOT/maven-metadata.xml
2026-06-16 13:32:02,611 [Worker-10: Updating Maven Project] INFO  o.e.m.c.i.e.AbstractTransferListenerAdapter - Downloading https://repo.spring.io/snapshot/org/springframework/boot/spring-boot-sql/4.1.1-SNAPSHOT/maven-metadata.xml
2026-06-16 13:32:02,622 [Worker-10: Updating Maven Project] INFO  o.e.m.c.i.e.AbstractTransferListenerAdapter - Downloaded https://repo.spring.io/snapshot/org/springframework/boot/spring-boot-sql/4.1.1-SNAPSHOT/maven-metadata.xml
2026-06-16 13:32:02,667 [Worker-10: Updating Maven Project] INFO  o.e.m.c.i.e.AbstractTransferListenerAdapter - Downloading https://repo.spring.io/snapshot/org/springframework/boot/spring-boot-transaction/4.1.1-SNAPSHOT/maven-metadata.xml
2026-06-16 13:32:02,678 [Worker-10: Updating Maven Project] INFO  o.e.m.c.i.e.AbstractTransferListenerAdapter - Downloaded https://repo.spring.io/snapshot/org/springframework/boot/spring-boot-transaction/4.1.1-SNAPSHOT/maven-metadata.xml
2026-06-16 13:32:02,728 [Worker-10: Updating Maven Project] INFO  o.e.m.c.i.e.AbstractTransferListenerAdapter - Downloading https://repo.spring.io/snapshot/org/springframework/boot/spring-boot-persistence/4.1.1-SNAPSHOT/maven-metadata.xml
2026-06-16 13:32:02,740 [Worker-10: Updating Maven Project] INFO  o.e.m.c.i.e.AbstractTransferListenerAdapter - Downloaded https://repo.spring.io/snapshot/org/springframework/boot/spring-boot-persistence/4.1.1-SNAPSHOT/maven-metadata.xml
2026-06-16 13:32:02,809 [Worker-10: Updating Maven Project] INFO  o.e.m.c.i.e.AbstractTransferListenerAdapter - Downloading https://repo.spring.io/snapshot/org/springframework/boot/spring-boot-data-jpa/4.1.1-SNAPSHOT/maven-metadata.xml
2026-06-16 13:32:02,824 [Worker-10: Updating Maven Project] INFO  o.e.m.c.i.e.AbstractTransferListenerAdapter - Downloaded https://repo.spring.io/snapshot/org/springframework/boot/spring-boot-data-jpa/4.1.1-SNAPSHOT/maven-metadata.xml
2026-06-16 13:32:02,870 [Worker-10: Updating Maven Project] INFO  o.e.m.c.i.e.AbstractTransferListenerAdapter - Downloading https://repo.spring.io/snapshot/org/springframework/boot/spring-boot-data-commons/4.1.1-SNAPSHOT/maven-metadata.xml
2026-06-16 13:32:02,908 [Worker-10: Updating Maven Project] INFO  o.e.m.c.i.e.AbstractTransferListenerAdapter - Downloaded https://repo.spring.io/snapshot/org/springframework/boot/spring-boot-data-commons/4.1.1-SNAPSHOT/maven-metadata.xml
2026-06-16 13:32:02,975 [Worker-10: Updating Maven Project] INFO  o.e.m.c.i.e.AbstractTransferListenerAdapter - Downloading https://repo.spring.io/snapshot/org/springframework/boot/spring-boot-hibernate/4.1.1-SNAPSHOT/maven-metadata.xml
2026-06-16 13:32:02,985 [Worker-10: Updating Maven Project] INFO  o.e.m.c.i.e.AbstractTransferListenerAdapter - Downloaded https://repo.spring.io/snapshot/org/springframework/boot/spring-boot-hibernate/4.1.1-SNAPSHOT/maven-metadata.xml
2026-06-16 13:32:03,029 [Worker-10: Updating Maven Project] INFO  o.e.m.c.i.e.AbstractTransferListenerAdapter - Downloading https://repo.spring.io/snapshot/org/springframework/boot/spring-boot-jpa/4.1.1-SNAPSHOT/maven-metadata.xml
2026-06-16 13:32:03,045 [Worker-10: Updating Maven Project] INFO  o.e.m.c.i.e.AbstractTransferListenerAdapter - Downloaded https://repo.spring.io/snapshot/org/springframework/boot/spring-boot-jpa/4.1.1-SNAPSHOT/maven-metadata.xml
2026-06-16 13:32:03,184 [Worker-10: Updating Maven Project] INFO  o.e.m.c.i.e.AbstractTransferListenerAdapter - Downloading https://repo.spring.io/snapshot/org/springframework/boot/spring-boot-starter-webmvc/4.1.1-SNAPSHOT/maven-metadata.xml
2026-06-16 13:32:03,216 [Worker-10: Updating Maven Project] INFO  o.e.m.c.i.e.AbstractTransferListenerAdapter - Downloaded https://repo.spring.io/snapshot/org/springframework/boot/spring-boot-starter-webmvc/4.1.1-SNAPSHOT/maven-metadata.xml
2026-06-16 13:32:03,269 [Worker-10: Updating Maven Project] INFO  o.e.m.c.i.e.AbstractTransferListenerAdapter - Downloading https://repo.spring.io/snapshot/org/springframework/boot/spring-boot-starter-jackson/4.1.1-SNAPSHOT/maven-metadata.xml
2026-06-16 13:32:03,295 [Worker-10: Updating Maven Project] INFO  o.e.m.c.i.e.AbstractTransferListenerAdapter - Downloaded https://repo.spring.io/snapshot/org/springframework/boot/spring-boot-starter-jackson/4.1.1-SNAPSHOT/maven-metadata.xml
2026-06-16 13:32:03,349 [Worker-10: Updating Maven Project] INFO  o.e.m.c.i.e.AbstractTransferListenerAdapter - Downloading https://repo.spring.io/snapshot/org/springframework/boot/spring-boot-jackson/4.1.1-SNAPSHOT/maven-metadata.xml
2026-06-16 13:32:03,358 [Worker-10: Updating Maven Project] INFO  o.e.m.c.i.e.AbstractTransferListenerAdapter - Downloaded https://repo.spring.io/snapshot/org/springframework/boot/spring-boot-jackson/4.1.1-SNAPSHOT/maven-metadata.xml
2026-06-16 13:32:03,419 [Worker-10: Updating Maven Project] INFO  o.e.m.c.i.e.AbstractTransferListenerAdapter - Downloading https://repo.spring.io/snapshot/org/springframework/boot/spring-boot-starter-tomcat/4.1.1-SNAPSHOT/maven-metadata.xml
2026-06-16 13:32:03,429 [Worker-10: Updating Maven Project] INFO  o.e.m.c.i.e.AbstractTransferListenerAdapter - Downloaded https://repo.spring.io/snapshot/org/springframework/boot/spring-boot-starter-tomcat/4.1.1-SNAPSHOT/maven-metadata.xml
2026-06-16 13:32:03,479 [Worker-10: Updating Maven Project] INFO  o.e.m.c.i.e.AbstractTransferListenerAdapter - Downloading https://repo.spring.io/snapshot/org/springframework/boot/spring-boot-starter-tomcat-runtime/4.1.1-SNAPSHOT/maven-metadata.xml
2026-06-16 13:32:03,499 [Worker-10: Updating Maven Project] INFO  o.e.m.c.i.e.AbstractTransferListenerAdapter - Downloaded https://repo.spring.io/snapshot/org/springframework/boot/spring-boot-starter-tomcat-runtime/4.1.1-SNAPSHOT/maven-metadata.xml
2026-06-16 13:32:03,565 [Worker-10: Updating Maven Project] INFO  o.e.m.c.i.e.AbstractTransferListenerAdapter - Downloading https://repo.spring.io/snapshot/org/springframework/boot/spring-boot-tomcat/4.1.1-SNAPSHOT/maven-metadata.xml
2026-06-16 13:32:03,573 [Worker-10: Updating Maven Project] INFO  o.e.m.c.i.e.AbstractTransferListenerAdapter - Downloaded https://repo.spring.io/snapshot/org/springframework/boot/spring-boot-tomcat/4.1.1-SNAPSHOT/maven-metadata.xml
2026-06-16 13:32:03,617 [Worker-10: Updating Maven Project] INFO  o.e.m.c.i.e.AbstractTransferListenerAdapter - Downloading https://repo.spring.io/snapshot/org/springframework/boot/spring-boot-web-server/4.1.1-SNAPSHOT/maven-metadata.xml
2026-06-16 13:32:03,629 [Worker-10: Updating Maven Project] INFO  o.e.m.c.i.e.AbstractTransferListenerAdapter - Downloaded https://repo.spring.io/snapshot/org/springframework/boot/spring-boot-web-server/4.1.1-SNAPSHOT/maven-metadata.xml
2026-06-16 13:32:03,682 [Worker-10: Updating Maven Project] INFO  o.e.m.c.i.e.AbstractTransferListenerAdapter - Downloading https://repo.spring.io/snapshot/org/springframework/boot/spring-boot-http-converter/4.1.1-SNAPSHOT/maven-metadata.xml
2026-06-16 13:32:03,699 [Worker-10: Updating Maven Project] INFO  o.e.m.c.i.e.AbstractTransferListenerAdapter - Downloaded https://repo.spring.io/snapshot/org/springframework/boot/spring-boot-http-converter/4.1.1-SNAPSHOT/maven-metadata.xml
2026-06-16 13:32:03,761 [Worker-10: Updating Maven Project] INFO  o.e.m.c.i.e.AbstractTransferListenerAdapter - Downloading https://repo.spring.io/snapshot/org/springframework/boot/spring-boot-webmvc/4.1.1-SNAPSHOT/maven-metadata.xml
2026-06-16 13:32:03,779 [Worker-10: Updating Maven Project] INFO  o.e.m.c.i.e.AbstractTransferListenerAdapter - Downloaded https://repo.spring.io/snapshot/org/springframework/boot/spring-boot-webmvc/4.1.1-SNAPSHOT/maven-metadata.xml
2026-06-16 13:32:03,823 [Worker-10: Updating Maven Project] INFO  o.e.m.c.i.e.AbstractTransferListenerAdapter - Downloading https://repo.spring.io/snapshot/org/springframework/boot/spring-boot-servlet/4.1.1-SNAPSHOT/maven-metadata.xml
2026-06-16 13:32:03,831 [Worker-10: Updating Maven Project] INFO  o.e.m.c.i.e.AbstractTransferListenerAdapter - Downloaded https://repo.spring.io/snapshot/org/springframework/boot/spring-boot-servlet/4.1.1-SNAPSHOT/maven-metadata.xml
2026-06-16 13:32:03,882 [Worker-10: Updating Maven Project] INFO  o.e.m.c.i.e.AbstractTransferListenerAdapter - Downloading https://repo.spring.io/snapshot/org/springframework/boot/spring-boot-starter-data-jpa-test/4.1.1-SNAPSHOT/maven-metadata.xml
2026-06-16 13:32:03,899 [Worker-10: Updating Maven Project] INFO  o.e.m.c.i.e.AbstractTransferListenerAdapter - Downloaded https://repo.spring.io/snapshot/org/springframework/boot/spring-boot-starter-data-jpa-test/4.1.1-SNAPSHOT/maven-metadata.xml
2026-06-16 13:32:03,961 [Worker-10: Updating Maven Project] INFO  o.e.m.c.i.e.AbstractTransferListenerAdapter - Downloading https://repo.spring.io/snapshot/org/springframework/boot/spring-boot-starter-test/4.1.1-SNAPSHOT/maven-metadata.xml
2026-06-16 13:32:03,976 [Worker-10: Updating Maven Project] INFO  o.e.m.c.i.e.AbstractTransferListenerAdapter - Downloaded https://repo.spring.io/snapshot/org/springframework/boot/spring-boot-starter-test/4.1.1-SNAPSHOT/maven-metadata.xml
2026-06-16 13:32:04,058 [Worker-10: Updating Maven Project] INFO  o.e.m.c.i.e.AbstractTransferListenerAdapter - Downloading https://repo.spring.io/snapshot/org/springframework/boot/spring-boot-test/4.1.1-SNAPSHOT/maven-metadata.xml
2026-06-16 13:32:04,078 [Worker-10: Updating Maven Project] INFO  o.e.m.c.i.e.AbstractTransferListenerAdapter - Downloaded https://repo.spring.io/snapshot/org/springframework/boot/spring-boot-test/4.1.1-SNAPSHOT/maven-metadata.xml
2026-06-16 13:32:04,146 [Worker-10: Updating Maven Project] INFO  o.e.m.c.i.e.AbstractTransferListenerAdapter - Downloading https://repo.spring.io/snapshot/org/springframework/boot/spring-boot-test-autoconfigure/4.1.1-SNAPSHOT/maven-metadata.xml
2026-06-16 13:32:04,177 [Worker-10: Updating Maven Project] INFO  o.e.m.c.i.e.AbstractTransferListenerAdapter - Downloaded https://repo.spring.io/snapshot/org/springframework/boot/spring-boot-test-autoconfigure/4.1.1-SNAPSHOT/maven-metadata.xml
2026-06-16 13:32:04,270 [Worker-10: Updating Maven Project] INFO  o.e.m.c.i.e.AbstractTransferListenerAdapter - Downloading https://repo.spring.io/snapshot/org/springframework/boot/spring-boot-starter-jdbc-test/4.1.1-SNAPSHOT/maven-metadata.xml
2026-06-16 13:32:04,280 [Worker-10: Updating Maven Project] INFO  o.e.m.c.i.e.AbstractTransferListenerAdapter - Downloaded https://repo.spring.io/snapshot/org/springframework/boot/spring-boot-starter-jdbc-test/4.1.1-SNAPSHOT/maven-metadata.xml
2026-06-16 13:32:04,331 [Worker-10: Updating Maven Project] INFO  o.e.m.c.i.e.AbstractTransferListenerAdapter - Downloading https://repo.spring.io/snapshot/org/springframework/boot/spring-boot-jdbc-test/4.1.1-SNAPSHOT/maven-metadata.xml
2026-06-16 13:32:04,344 [Worker-10: Updating Maven Project] INFO  o.e.m.c.i.e.AbstractTransferListenerAdapter - Downloaded https://repo.spring.io/snapshot/org/springframework/boot/spring-boot-jdbc-test/4.1.1-SNAPSHOT/maven-metadata.xml
2026-06-16 13:32:04,392 [Worker-10: Updating Maven Project] INFO  o.e.m.c.i.e.AbstractTransferListenerAdapter - Downloading https://repo.spring.io/snapshot/org/springframework/boot/spring-boot-data-jpa-test/4.1.1-SNAPSHOT/maven-metadata.xml
2026-06-16 13:32:04,399 [Worker-10: Updating Maven Project] INFO  o.e.m.c.i.e.AbstractTransferListenerAdapter - Downloaded https://repo.spring.io/snapshot/org/springframework/boot/spring-boot-data-jpa-test/4.1.1-SNAPSHOT/maven-metadata.xml
2026-06-16 13:32:04,445 [Worker-10: Updating Maven Project] INFO  o.e.m.c.i.e.AbstractTransferListenerAdapter - Downloading https://repo.spring.io/snapshot/org/springframework/boot/spring-boot-jpa-test/4.1.1-SNAPSHOT/maven-metadata.xml
2026-06-16 13:32:04,454 [Worker-10: Updating Maven Project] INFO  o.e.m.c.i.e.AbstractTransferListenerAdapter - Downloaded https://repo.spring.io/snapshot/org/springframework/boot/spring-boot-jpa-test/4.1.1-SNAPSHOT/maven-metadata.xml
2026-06-16 13:32:04,515 [Worker-10: Updating Maven Project] INFO  o.e.m.c.i.e.AbstractTransferListenerAdapter - Downloading https://repo.spring.io/snapshot/org/springframework/boot/spring-boot-starter-webmvc-test/4.1.1-SNAPSHOT/maven-metadata.xml
2026-06-16 13:32:04,534 [Worker-10: Updating Maven Project] INFO  o.e.m.c.i.e.AbstractTransferListenerAdapter - Downloaded https://repo.spring.io/snapshot/org/springframework/boot/spring-boot-starter-webmvc-test/4.1.1-SNAPSHOT/maven-metadata.xml
2026-06-16 13:32:04,582 [Worker-10: Updating Maven Project] INFO  o.e.m.c.i.e.AbstractTransferListenerAdapter - Downloading https://repo.spring.io/snapshot/org/springframework/boot/spring-boot-starter-jackson-test/4.1.1-SNAPSHOT/maven-metadata.xml
2026-06-16 13:32:04,590 [Worker-10: Updating Maven Project] INFO  o.e.m.c.i.e.AbstractTransferListenerAdapter - Downloaded https://repo.spring.io/snapshot/org/springframework/boot/spring-boot-starter-jackson-test/4.1.1-SNAPSHOT/maven-metadata.xml
2026-06-16 13:32:04,639 [Worker-10: Updating Maven Project] INFO  o.e.m.c.i.e.AbstractTransferListenerAdapter - Downloading https://repo.spring.io/snapshot/org/springframework/boot/spring-boot-webmvc-test/4.1.1-SNAPSHOT/maven-metadata.xml
2026-06-16 13:32:04,646 [Worker-10: Updating Maven Project] INFO  o.e.m.c.i.e.AbstractTransferListenerAdapter - Downloaded https://repo.spring.io/snapshot/org/springframework/boot/spring-boot-webmvc-test/4.1.1-SNAPSHOT/maven-metadata.xml
2026-06-16 13:32:04,689 [Worker-10: Updating Maven Project] INFO  o.e.m.c.i.e.AbstractTransferListenerAdapter - Downloading https://repo.spring.io/snapshot/org/springframework/boot/spring-boot-resttestclient/4.1.1-SNAPSHOT/maven-metadata.xml
2026-06-16 13:32:04,698 [Worker-10: Updating Maven Project] INFO  o.e.m.c.i.e.AbstractTransferListenerAdapter - Downloaded https://repo.spring.io/snapshot/org/springframework/boot/spring-boot-resttestclient/4.1.1-SNAPSHOT/maven-metadata.xml
2026-06-16 13:32:05,669 [Worker-10: Updating Maven Project] INFO  o.e.m.j.i.AbstractJavaProjectConfigurator - Adding source folder /ramesh_Spring_JPA_REST_H2_Project/src/main/java
2026-06-16 13:32:05,671 [Worker-10: Updating Maven Project] INFO  o.e.m.j.i.AbstractJavaProjectConfigurator - Adding resource folder /ramesh_Spring_JPA_REST_H2_Project/src/main/resources
2026-06-16 13:32:05,672 [Worker-10: Updating Maven Project] INFO  o.e.m.j.i.AbstractJavaProjectConfigurator - Adding resource folder /ramesh_Spring_JPA_REST_H2_Project/src/main/resources
2026-06-16 13:32:05,674 [Worker-10: Updating Maven Project] INFO  o.e.m.j.i.AbstractJavaProjectConfigurator - Adding source folder /ramesh_Spring_JPA_REST_H2_Project/src/test/java
2026-06-16 13:32:05,675 [Worker-10: Updating Maven Project] INFO  o.e.m.j.i.AbstractJavaProjectConfigurator - Adding resource folder /ramesh_Spring_JPA_REST_H2_Project/src/test/resources
2026-06-16 13:32:05,976 [Worker-10: Updating Maven Project] WARN  o.apache.maven.project.MavenProject - Direct modification of compileSourceRoots through clear() is deprecated and will not work in Maven 4.0.0. Please use the add/remove methods instead. If you're using a plugin that causes this warning, please upgrade to the latest version and report an issue if the warning persists. To disable these warnings, set -Dmaven.project.sourceRoots.warningsDisabled=true on the command line, in the .mvn/maven.config file, or in project POM properties.
2026-06-16 13:32:05,977 [Worker-10: Updating Maven Project] WARN  o.apache.maven.project.MavenProject - Direct modification of compileSourceRoots through add() is deprecated and will not work in Maven 4.0.0. Please use the add/remove methods instead. If you're using a plugin that causes this warning, please upgrade to the latest version and report an issue if the warning persists. To disable these warnings, set -Dmaven.project.sourceRoots.warningsDisabled=true on the command line, in the .mvn/maven.config file, or in project POM properties.
2026-06-16 13:32:05,978 [Worker-10: Updating Maven Project] WARN  o.apache.maven.project.MavenProject - Direct modification of testCompileSourceRoots through clear() is deprecated and will not work in Maven 4.0.0. Please use the add/remove methods instead. If you're using a plugin that causes this warning, please upgrade to the latest version and report an issue if the warning persists. To disable these warnings, set -Dmaven.project.sourceRoots.warningsDisabled=true on the command line, in the .mvn/maven.config file, or in project POM properties.
2026-06-16 13:32:05,978 [Worker-10: Updating Maven Project] WARN  o.apache.maven.project.MavenProject - Direct modification of testCompileSourceRoots through add() is deprecated and will not work in Maven 4.0.0. Please use the add/remove methods instead. If you're using a plugin that causes this warning, please upgrade to the latest version and report an issue if the warning persists. To disable these warnings, set -Dmaven.project.sourceRoots.warningsDisabled=true on the command line, in the .mvn/maven.config file, or in project POM properties.
2026-06-16 13:32:06,147 [Worker-10: Updating Maven Project] INFO  o.e.m.c.i.p.ProjectConfigurationManager - Update completed for 1 poms: local refresh takes 0.00 sec, refresh facades takes 5.00 sec, update config takes 0.00 sec 
2026-06-16 13:32:06,771 [Worker-4: Building] INFO  o.a.m.s.f.DefaultMavenResourcesFiltering - Copying 1 resource from src\main\resources to target\classes
2026-06-16 13:32:06,781 [Worker-4: Building] INFO  o.a.m.s.f.DefaultMavenResourcesFiltering - Copying 0 resource from src\main\resources to target\classes
2026-06-16 13:32:06,786 [Worker-4: Building] INFO  o.a.m.s.f.DefaultMavenResourcesFiltering - skip non existing resourceDirectory C:\Eclipse_Projects\Spring_JPA_H2_RestAPI\ramesh_Spring_JPA_REST_H2_Project\src\test\resources
2026-06-16 13:32:07,064 [Worker-4: Building] WARN  Sisu - Error injecting: org.apache.maven.plugins.jar.JarMojo
com.google.inject.ProvisionException: Unable to provision, see the following errors:

1) [Guice/ErrorInCustomProvider]: OutOfScopeException: Cannot access session scope outside of a scoping block
  at SessionScopeModule.configure(SessionScopeModule.java:55)
      \_ installed by: WireModule -> SessionScopeModule
  at JarMojo.<init>(JarMojo.java:72)
      \_ for 2nd parameter
  while locating JarMojo

Learn more:
  https://github.com/google/guice/wiki/ERROR_IN_CUSTOM_PROVIDER

1 error

======================
Full classname legend:
======================
JarMojo:             "org.apache.maven.plugins.jar.JarMojo"
OutOfScopeException: "com.google.inject.OutOfScopeException"
SessionScopeModule:  "org.apache.maven.session.scope.internal.SessionScopeModule"
WireModule:          "org.eclipse.sisu.wire.WireModule"
========================
End of classname legend:
========================

	at com.google.inject.internal.InternalProvisionException.toProvisionException(InternalProvisionException.java:251)
	at com.google.inject.internal.InjectorImpl$1.get(InjectorImpl.java:1104)
	at com.google.inject.internal.InjectorImpl.getInstance(InjectorImpl.java:1139)
	at org.eclipse.sisu.space.AbstractDeferredClass.get(AbstractDeferredClass.java:50)
	at com.google.inject.internal.ProviderInternalFactory.provision(ProviderInternalFactory.java:86)
	at com.google.inject.internal.InternalFactoryToInitializableAdapter.provision(InternalFactoryToInitializableAdapter.java:57)
	at com.google.inject.internal.ProviderInternalFactory$1.call(ProviderInternalFactory.java:67)
	at com.google.inject.internal.ProvisionListenerStackCallback$Provision.provision(ProvisionListenerStackCallback.java:109)
	at com.google.inject.internal.ProvisionListenerStackCallback$Provision.provision(ProvisionListenerStackCallback.java:124)
	at com.google.inject.internal.ProvisionListenerStackCallback.provision(ProvisionListenerStackCallback.java:66)
	at com.google.inject.internal.ProviderInternalFactory.circularGet(ProviderInternalFactory.java:62)
	at com.google.inject.internal.InternalFactoryToInitializableAdapter.get(InternalFactoryToInitializableAdapter.java:47)
	at com.google.inject.internal.InjectorImpl$1.get(InjectorImpl.java:1101)
	at org.eclipse.sisu.inject.Guice4$2.get(Guice4.java:235)
	at org.eclipse.sisu.inject.LazyBeanEntry.getValue(LazyBeanEntry.java:83)
	at org.eclipse.sisu.plexus.LazyPlexusBean.getValue(LazyPlexusBean.java:53)
	at org.codehaus.plexus.DefaultPlexusContainer.lookup(DefaultPlexusContainer.java:267)
	at org.codehaus.plexus.DefaultPlexusContainer.lookup(DefaultPlexusContainer.java:259)
	at org.apache.maven.plugin.internal.DefaultMavenPluginManager.getConfiguredMojo(DefaultMavenPluginManager.java:491)
	at org.eclipse.m2e.core.internal.embedder.MavenImpl.getConfiguredMojo(MavenImpl.java:215)
	at org.eclipse.m2e.mavenarchiver.internal.AbstractMavenArchiverConfigurator.reflectManifestGeneration(AbstractMavenArchiverConfigurator.java:439)
	at org.eclipse.m2e.mavenarchiver.internal.AbstractMavenArchiverConfigurator.lambda$3(AbstractMavenArchiverConfigurator.java:398)
	at org.eclipse.m2e.core.internal.embedder.MavenExecutionContext.executeBare(MavenExecutionContext.java:462)
	at org.eclipse.m2e.core.internal.embedder.MavenExecutionContext.execute(MavenExecutionContext.java:342)
	at org.eclipse.m2e.core.internal.embedder.MavenExecutionContext.execute(MavenExecutionContext.java:281)
	at org.eclipse.m2e.mavenarchiver.internal.AbstractMavenArchiverConfigurator.generateManifest(AbstractMavenArchiverConfigurator.java:371)
	at org.eclipse.m2e.mavenarchiver.internal.AbstractMavenArchiverConfigurator.mavenProjectChanged(AbstractMavenArchiverConfigurator.java:228)
	at org.eclipse.m2e.mavenarchiver.internal.AbstractMavenArchiverConfigurator$1.build(AbstractMavenArchiverConfigurator.java:178)
	at org.eclipse.m2e.core.internal.builder.MavenBuilderImpl.lambda$2(MavenBuilderImpl.java:159)
	at java.base/java.util.LinkedHashMap.forEach(LinkedHashMap.java:986)
	at org.eclipse.m2e.core.internal.builder.MavenBuilderImpl.build(MavenBuilderImpl.java:139)
	at org.eclipse.m2e.core.internal.builder.MavenBuilder$1.method(MavenBuilder.java:164)
	at org.eclipse.m2e.core.internal.builder.MavenBuilder$1.method(MavenBuilder.java:1)
	at org.eclipse.m2e.core.internal.builder.MavenBuilder$BuildMethod.lambda$1(MavenBuilder.java:109)
	at org.eclipse.m2e.core.internal.embedder.MavenExecutionContext.executeBare(MavenExecutionContext.java:462)
	at org.eclipse.m2e.core.internal.embedder.MavenExecutionContext.execute(MavenExecutionContext.java:295)
	at org.eclipse.m2e.core.internal.builder.MavenBuilder$BuildMethod.lambda$0(MavenBuilder.java:100)
	at org.eclipse.m2e.core.internal.embedder.MavenExecutionContext.executeBare(MavenExecutionContext.java:462)
	at org.eclipse.m2e.core.internal.embedder.MavenExecutionContext.execute(MavenExecutionContext.java:342)
	at org.eclipse.m2e.core.internal.embedder.MavenExecutionContext.execute(MavenExecutionContext.java:281)
	at org.eclipse.m2e.core.internal.builder.MavenBuilder$BuildMethod.execute(MavenBuilder.java:83)
	at org.eclipse.m2e.core.internal.builder.MavenBuilder.build(MavenBuilder.java:192)
	at org.eclipse.core.internal.events.BuildManager$2.run(BuildManager.java:1109)
	at org.eclipse.core.runtime.SafeRunner.run(SafeRunner.java:47)
	at org.eclipse.core.internal.events.BuildManager.basicBuild(BuildManager.java:299)
	at org.eclipse.core.internal.events.BuildManager.basicBuild(BuildManager.java:355)
	at org.eclipse.core.internal.events.BuildManager$1.run(BuildManager.java:449)
	at org.eclipse.core.runtime.SafeRunner.run(SafeRunner.java:47)
	at org.eclipse.core.internal.events.BuildManager.basicBuild(BuildManager.java:452)
	at org.eclipse.core.internal.events.BuildManager.basicBuildLoop(BuildManager.java:564)
	at org.eclipse.core.internal.events.BuildManager.basicBuildLoop(BuildManager.java:512)
	at org.eclipse.core.internal.events.BuildManager.build(BuildManager.java:594)
	at org.eclipse.core.internal.events.AutoBuildJob.doBuild(AutoBuildJob.java:208)
	at org.eclipse.core.internal.events.AutoBuildJob.run(AutoBuildJob.java:309)
	at org.eclipse.core.internal.jobs.Worker.run(Worker.java:63)
Caused by: com.google.inject.OutOfScopeException: Cannot access session scope outside of a scoping block
	at org.apache.maven.session.scope.internal.SessionScope.getScopeState(SessionScope.java:70)
	at org.apache.maven.session.scope.internal.SessionScope.lambda$scope$2(SessionScope.java:92)
	at com.google.inject.internal.InternalFactoryToProviderAdapter.get(InternalFactoryToProviderAdapter.java:45)
	at com.google.inject.internal.SingleParameterInjector.inject(SingleParameterInjector.java:40)
	at com.google.inject.internal.SingleParameterInjector.getAll(SingleParameterInjector.java:60)
	at com.google.inject.internal.ConstructorInjector.provision(ConstructorInjector.java:113)
	at com.google.inject.internal.ConstructorInjector.access$000(ConstructorInjector.java:33)
	at com.google.inject.internal.ConstructorInjector$1.call(ConstructorInjector.java:98)
	at com.google.inject.internal.ProvisionListenerStackCallback$Provision.provision(ProvisionListenerStackCallback.java:109)
	at com.google.inject.internal.ProvisionListenerStackCallback$Provision.provision(ProvisionListenerStackCallback.java:124)
	at com.google.inject.internal.ProvisionListenerStackCallback.provision(ProvisionListenerStackCallback.java:66)
	at com.google.inject.internal.ConstructorInjector.construct(ConstructorInjector.java:93)
	at com.google.inject.internal.ConstructorBindingImpl$Factory.get(ConstructorBindingImpl.java:300)
	at com.google.inject.internal.InjectorImpl$1.get(InjectorImpl.java:1101)
	... 53 common frames omitted
2026-06-16 13:32:07,109 [Worker-4: Building] WARN  o.apache.maven.project.MavenProject - Direct modification of compileSourceRoots through clear() is deprecated and will not work in Maven 4.0.0. Please use the add/remove methods instead. If you're using a plugin that causes this warning, please upgrade to the latest version and report an issue if the warning persists. To disable these warnings, set -Dmaven.project.sourceRoots.warningsDisabled=true on the command line, in the .mvn/maven.config file, or in project POM properties.
2026-06-16 13:32:07,110 [Worker-4: Building] WARN  o.apache.maven.project.MavenProject - Direct modification of compileSourceRoots through add() is deprecated and will not work in Maven 4.0.0. Please use the add/remove methods instead. If you're using a plugin that causes this warning, please upgrade to the latest version and report an issue if the warning persists. To disable these warnings, set -Dmaven.project.sourceRoots.warningsDisabled=true on the command line, in the .mvn/maven.config file, or in project POM properties.
2026-06-16 13:32:07,110 [Worker-4: Building] WARN  o.apache.maven.project.MavenProject - Direct modification of testCompileSourceRoots through clear() is deprecated and will not work in Maven 4.0.0. Please use the add/remove methods instead. If you're using a plugin that causes this warning, please upgrade to the latest version and report an issue if the warning persists. To disable these warnings, set -Dmaven.project.sourceRoots.warningsDisabled=true on the command line, in the .mvn/maven.config file, or in project POM properties.
2026-06-16 13:32:07,111 [Worker-4: Building] WARN  o.apache.maven.project.MavenProject - Direct modification of testCompileSourceRoots through add() is deprecated and will not work in Maven 4.0.0. Please use the add/remove methods instead. If you're using a plugin that causes this warning, please upgrade to the latest version and report an issue if the warning persists. To disable these warnings, set -Dmaven.project.sourceRoots.warningsDisabled=true on the command line, in the .mvn/maven.config file, or in project POM properties.
2026-06-16 13:34:06,258 [Worker-5: Building] ERROR o.e.m.c.i.p.r.ProjectRegistryManager - Could not read pom.xml
org.eclipse.core.runtime.CoreException: Could not read pom.xml
	at org.eclipse.m2e.core.internal.IMavenToolbox.readModel(IMavenToolbox.java:245)
	at org.eclipse.m2e.core.internal.project.registry.ProjectRegistryManager.refreshPhase2(ProjectRegistryManager.java:596)
	at org.eclipse.m2e.core.internal.project.registry.ProjectRegistryManager.refresh(ProjectRegistryManager.java:496)
	at org.eclipse.m2e.core.internal.project.registry.ProjectRegistryManager.refresh(ProjectRegistryManager.java:370)
	at org.eclipse.m2e.core.internal.project.registry.ProjectRegistryManager.refresh(ProjectRegistryManager.java:322)
	at org.eclipse.m2e.core.internal.builder.MavenBuilder$BuildMethod.getProjectFacade(MavenBuilder.java:146)
	at org.eclipse.m2e.core.internal.builder.MavenBuilder$BuildMethod.lambda$0(MavenBuilder.java:84)
	at org.eclipse.m2e.core.internal.embedder.MavenExecutionContext.executeBare(MavenExecutionContext.java:462)
	at org.eclipse.m2e.core.internal.embedder.MavenExecutionContext.execute(MavenExecutionContext.java:342)
	at org.eclipse.m2e.core.internal.embedder.MavenExecutionContext.execute(MavenExecutionContext.java:281)
	at org.eclipse.m2e.core.internal.builder.MavenBuilder$BuildMethod.execute(MavenBuilder.java:83)
	at org.eclipse.m2e.core.internal.builder.MavenBuilder.build(MavenBuilder.java:192)
	at org.eclipse.core.internal.events.BuildManager$2.run(BuildManager.java:1109)
	at org.eclipse.core.runtime.SafeRunner.run(SafeRunner.java:47)
	at org.eclipse.core.internal.events.BuildManager.basicBuild(BuildManager.java:299)
	at org.eclipse.core.internal.events.BuildManager.basicBuild(BuildManager.java:355)
	at org.eclipse.core.internal.events.BuildManager$1.run(BuildManager.java:449)
	at org.eclipse.core.runtime.SafeRunner.run(SafeRunner.java:47)
	at org.eclipse.core.internal.events.BuildManager.basicBuild(BuildManager.java:452)
	at org.eclipse.core.internal.events.BuildManager.basicBuildLoop(BuildManager.java:564)
	at org.eclipse.core.internal.events.BuildManager.basicBuildLoop(BuildManager.java:512)
	at org.eclipse.core.internal.events.BuildManager.build(BuildManager.java:594)
	at org.eclipse.core.internal.events.AutoBuildJob.doBuild(AutoBuildJob.java:208)
	at org.eclipse.core.internal.events.AutoBuildJob.run(AutoBuildJob.java:309)
	at org.eclipse.core.internal.jobs.Worker.run(Worker.java:63)
Caused by: org.apache.maven.model.io.ModelParseException: Duplicated tag: 'properties' (position: START_TAG seen ...</properties>\n\t<properties>... @32:14) 
	at org.apache.maven.model.io.DefaultModelReader.read(DefaultModelReader.java:96)
	at org.apache.maven.model.io.DefaultModelReader.read(DefaultModelReader.java:74)
	at org.eclipse.m2e.core.internal.IMavenToolbox.readModel(IMavenToolbox.java:243)
	... 24 common frames omitted
Caused by: org.codehaus.plexus.util.xml.pull.XmlPullParserException: Duplicated tag: 'properties' (position: START_TAG seen ...</properties>\n\t<properties>... @32:14) 
	at org.apache.maven.model.io.xpp3.MavenXpp3Reader.checkFieldWithDuplicate(MavenXpp3Reader.java:159)
	at org.apache.maven.model.io.xpp3.MavenXpp3Reader.parseModel(MavenXpp3Reader.java:2319)
	at org.apache.maven.model.io.xpp3.MavenXpp3Reader.read(MavenXpp3Reader.java:641)
	at org.apache.maven.model.io.xpp3.MavenXpp3Reader.read(MavenXpp3Reader.java:672)
	at org.apache.maven.model.io.DefaultModelReader.read(DefaultModelReader.java:93)
	... 26 common frames omitted
2026-06-16 13:34:07,475 [Worker-4: Building] ERROR o.e.m.c.i.p.r.ProjectRegistryManager - Could not read pom.xml
org.eclipse.core.runtime.CoreException: Could not read pom.xml
	at org.eclipse.m2e.core.internal.IMavenToolbox.readModel(IMavenToolbox.java:245)
	at org.eclipse.m2e.core.internal.project.registry.ProjectRegistryManager.refreshPhase2(ProjectRegistryManager.java:596)
	at org.eclipse.m2e.core.internal.project.registry.ProjectRegistryManager.refresh(ProjectRegistryManager.java:496)
	at org.eclipse.m2e.core.internal.project.registry.ProjectRegistryManager.refresh(ProjectRegistryManager.java:370)
	at org.eclipse.m2e.core.internal.project.registry.ProjectRegistryManager.refresh(ProjectRegistryManager.java:322)
	at org.eclipse.m2e.core.internal.builder.MavenBuilder$BuildMethod.getProjectFacade(MavenBuilder.java:146)
	at org.eclipse.m2e.core.internal.builder.MavenBuilder$BuildMethod.lambda$0(MavenBuilder.java:84)
	at org.eclipse.m2e.core.internal.embedder.MavenExecutionContext.executeBare(MavenExecutionContext.java:462)
	at org.eclipse.m2e.core.internal.embedder.MavenExecutionContext.execute(MavenExecutionContext.java:342)
	at org.eclipse.m2e.core.internal.embedder.MavenExecutionContext.execute(MavenExecutionContext.java:281)
	at org.eclipse.m2e.core.internal.builder.MavenBuilder$BuildMethod.execute(MavenBuilder.java:83)
	at org.eclipse.m2e.core.internal.builder.MavenBuilder.build(MavenBuilder.java:192)
	at org.eclipse.core.internal.events.BuildManager$2.run(BuildManager.java:1109)
	at org.eclipse.core.runtime.SafeRunner.run(SafeRunner.java:47)
	at org.eclipse.core.internal.events.BuildManager.basicBuild(BuildManager.java:299)
	at org.eclipse.core.internal.events.BuildManager.basicBuild(BuildManager.java:355)
	at org.eclipse.core.internal.events.BuildManager$1.run(BuildManager.java:449)
	at org.eclipse.core.runtime.SafeRunner.run(SafeRunner.java:47)
	at org.eclipse.core.internal.events.BuildManager.basicBuild(BuildManager.java:452)
	at org.eclipse.core.internal.events.BuildManager.basicBuildLoop(BuildManager.java:564)
	at org.eclipse.core.internal.events.BuildManager.basicBuildLoop(BuildManager.java:512)
	at org.eclipse.core.internal.events.BuildManager.build(BuildManager.java:594)
	at org.eclipse.core.internal.events.AutoBuildJob.doBuild(AutoBuildJob.java:208)
	at org.eclipse.core.internal.events.AutoBuildJob.run(AutoBuildJob.java:309)
	at org.eclipse.core.internal.jobs.Worker.run(Worker.java:63)
Caused by: org.apache.maven.model.io.ModelParseException: Duplicated tag: 'properties' (position: START_TAG seen ...</properties>\n\t<properties>... @32:14) 
	at org.apache.maven.model.io.DefaultModelReader.read(DefaultModelReader.java:96)
	at org.apache.maven.model.io.DefaultModelReader.read(DefaultModelReader.java:74)
	at org.eclipse.m2e.core.internal.IMavenToolbox.readModel(IMavenToolbox.java:243)
	... 24 common frames omitted
Caused by: org.codehaus.plexus.util.xml.pull.XmlPullParserException: Duplicated tag: 'properties' (position: START_TAG seen ...</properties>\n\t<properties>... @32:14) 
	at org.apache.maven.model.io.xpp3.MavenXpp3Reader.checkFieldWithDuplicate(MavenXpp3Reader.java:159)
	at org.apache.maven.model.io.xpp3.MavenXpp3Reader.parseModel(MavenXpp3Reader.java:2319)
	at org.apache.maven.model.io.xpp3.MavenXpp3Reader.read(MavenXpp3Reader.java:641)
	at org.apache.maven.model.io.xpp3.MavenXpp3Reader.read(MavenXpp3Reader.java:672)
	at org.apache.maven.model.io.DefaultModelReader.read(DefaultModelReader.java:93)
	... 26 common frames omitted
2026-06-16 13:34:21,988 [Worker-2: reload maven project] ERROR o.e.m.c.i.p.r.ProjectRegistryManager - Failed to read Maven project: Some problems were encountered while processing the POMs:
[FATAL] Non-parseable POM C:\Eclipse_Projects\Spring_JPA_H2_RestAPI\ramesh_Spring_JPA_REST_H2_Project\pom.xml: Duplicated tag: 'properties' (position: START_TAG seen ...</properties>\n\t<properties>... @34:14)  @ line 34, column 14

org.apache.maven.project.ProjectBuildingException: Some problems were encountered while processing the POMs:
[FATAL] Non-parseable POM C:\Eclipse_Projects\Spring_JPA_H2_RestAPI\ramesh_Spring_JPA_REST_H2_Project\pom.xml: Duplicated tag: 'properties' (position: START_TAG seen ...</properties>\n\t<properties>... @34:14)  @ line 34, column 14

	at org.eclipse.m2e.core.internal.IMavenToolbox.readMavenProjects(IMavenToolbox.java:140)
	at org.eclipse.m2e.core.internal.project.registry.ProjectRegistryManager.lambda$22(ProjectRegistryManager.java:948)
	at org.eclipse.m2e.core.internal.embedder.MavenExecutionContext.executeBare(MavenExecutionContext.java:462)
	at org.eclipse.m2e.core.internal.embedder.MavenExecutionContext.execute(MavenExecutionContext.java:342)
	at org.eclipse.m2e.core.internal.embedder.MavenExecutionContext.execute(MavenExecutionContext.java:281)
	at org.eclipse.m2e.core.internal.project.registry.ProjectRegistryManager.readProjectsWithDependencies(ProjectRegistryManager.java:944)
	at org.eclipse.m2e.core.internal.project.registry.ProjectRegistryManager.create(ProjectRegistryManager.java:219)
	at org.eclipse.m2e.core.internal.project.registry.MavenProjectManager.create(MavenProjectManager.java:105)
	at org.eclipse.m2e.core.ui.internal.actions.SelectionUtil.getMavenProject(SelectionUtil.java:239)
	at org.eclipse.m2e.editor.pom.MavenPomEditor.readMavenProject(MavenPomEditor.java:709)
	at org.eclipse.m2e.editor.pom.MavenPomEditor$4.run(MavenPomEditor.java:1029)
	at org.eclipse.core.internal.jobs.Worker.run(Worker.java:63)
2026-06-16 13:34:22,176 [Worker-16: Building] ERROR o.e.m.c.i.p.r.ProjectRegistryManager - Could not read pom.xml
org.eclipse.core.runtime.CoreException: Could not read pom.xml
	at org.eclipse.m2e.core.internal.IMavenToolbox.readModel(IMavenToolbox.java:245)
	at org.eclipse.m2e.core.internal.project.registry.ProjectRegistryManager.refreshPhase2(ProjectRegistryManager.java:596)
	at org.eclipse.m2e.core.internal.project.registry.ProjectRegistryManager.refresh(ProjectRegistryManager.java:496)
	at org.eclipse.m2e.core.internal.project.registry.ProjectRegistryManager.refresh(ProjectRegistryManager.java:370)
	at org.eclipse.m2e.core.internal.project.registry.ProjectRegistryManager.refresh(ProjectRegistryManager.java:322)
	at org.eclipse.m2e.core.internal.builder.MavenBuilder$BuildMethod.getProjectFacade(MavenBuilder.java:146)
	at org.eclipse.m2e.core.internal.builder.MavenBuilder$BuildMethod.lambda$0(MavenBuilder.java:84)
	at org.eclipse.m2e.core.internal.embedder.MavenExecutionContext.executeBare(MavenExecutionContext.java:462)
	at org.eclipse.m2e.core.internal.embedder.MavenExecutionContext.execute(MavenExecutionContext.java:342)
	at org.eclipse.m2e.core.internal.embedder.MavenExecutionContext.execute(MavenExecutionContext.java:281)
	at org.eclipse.m2e.core.internal.builder.MavenBuilder$BuildMethod.execute(MavenBuilder.java:83)
	at org.eclipse.m2e.core.internal.builder.MavenBuilder.build(MavenBuilder.java:192)
	at org.eclipse.core.internal.events.BuildManager$2.run(BuildManager.java:1109)
	at org.eclipse.core.runtime.SafeRunner.run(SafeRunner.java:47)
	at org.eclipse.core.internal.events.BuildManager.basicBuild(BuildManager.java:299)
	at org.eclipse.core.internal.events.BuildManager.basicBuild(BuildManager.java:355)
	at org.eclipse.core.internal.events.BuildManager$1.run(BuildManager.java:449)
	at org.eclipse.core.runtime.SafeRunner.run(SafeRunner.java:47)
	at org.eclipse.core.internal.events.BuildManager.basicBuild(BuildManager.java:452)
	at org.eclipse.core.internal.events.BuildManager.basicBuildLoop(BuildManager.java:564)
	at org.eclipse.core.internal.events.BuildManager.basicBuildLoop(BuildManager.java:512)
	at org.eclipse.core.internal.events.BuildManager.build(BuildManager.java:594)
	at org.eclipse.core.internal.events.AutoBuildJob.doBuild(AutoBuildJob.java:208)
	at org.eclipse.core.internal.events.AutoBuildJob.run(AutoBuildJob.java:309)
	at org.eclipse.core.internal.jobs.Worker.run(Worker.java:63)
Caused by: org.apache.maven.model.io.ModelParseException: Duplicated tag: 'properties' (position: START_TAG seen ...</properties>\n\t<properties>... @34:14) 
	at org.apache.maven.model.io.DefaultModelReader.read(DefaultModelReader.java:96)
	at org.apache.maven.model.io.DefaultModelReader.read(DefaultModelReader.java:74)
	at org.eclipse.m2e.core.internal.IMavenToolbox.readModel(IMavenToolbox.java:243)
	... 24 common frames omitted
Caused by: org.codehaus.plexus.util.xml.pull.XmlPullParserException: Duplicated tag: 'properties' (position: START_TAG seen ...</properties>\n\t<properties>... @34:14) 
	at org.apache.maven.model.io.xpp3.MavenXpp3Reader.checkFieldWithDuplicate(MavenXpp3Reader.java:159)
	at org.apache.maven.model.io.xpp3.MavenXpp3Reader.parseModel(MavenXpp3Reader.java:2319)
	at org.apache.maven.model.io.xpp3.MavenXpp3Reader.read(MavenXpp3Reader.java:641)
	at org.apache.maven.model.io.xpp3.MavenXpp3Reader.read(MavenXpp3Reader.java:672)
	at org.apache.maven.model.io.DefaultModelReader.read(DefaultModelReader.java:93)
	... 26 common frames omitted
2026-06-16 13:34:33,115 [Worker-6: Building] INFO  o.e.m.c.i.e.AbstractTransferListenerAdapter - Downloading https://repo.maven.apache.org/maven2/org/apache/maven/plugins/maven-jar-plugin/3.1.1/maven-jar-plugin-3.1.1.jar
2026-06-16 13:34:33,459 [Worker-6: Building] INFO  o.e.m.c.i.e.AbstractTransferListenerAdapter - Downloaded https://repo.maven.apache.org/maven2/org/apache/maven/plugins/maven-jar-plugin/3.1.1/maven-jar-plugin-3.1.1.jar
2026-06-16 13:34:33,644 [Worker-6: Building] INFO  o.e.m.c.i.l.LifecycleMappingFactory - Using org.eclipse.m2e.jdt.JarLifecycleMapping lifecycle mapping for MavenProject: com.example:ramesh_Spring_JPA_REST_H2_Project:0.0.1-SNAPSHOT @ C:\Eclipse_Projects\Spring_JPA_H2_RestAPI\ramesh_Spring_JPA_REST_H2_Project\pom.xml.
2026-06-16 13:34:34,408 [Worker-6: Building] INFO  o.e.m.c.i.e.AbstractTransferListenerAdapter - Downloading https://repo.maven.apache.org/maven2/org/apache/maven/plugins/maven-jar-plugin/3.1.1/maven-jar-plugin-3.1.1.pom
2026-06-16 13:34:34,445 [Worker-6: Building] INFO  o.e.m.c.i.e.AbstractTransferListenerAdapter - Downloaded https://repo.maven.apache.org/maven2/org/apache/maven/plugins/maven-jar-plugin/3.1.1/maven-jar-plugin-3.1.1.pom
2026-06-16 13:34:34,487 [Worker-6: Building] INFO  o.e.m.c.i.e.AbstractTransferListenerAdapter - Downloading https://repo.maven.apache.org/maven2/org/apache/maven/plugins/maven-plugins/33/maven-plugins-33.pom
2026-06-16 13:34:34,569 [Worker-6: Building] INFO  o.e.m.c.i.e.AbstractTransferListenerAdapter - Downloaded https://repo.maven.apache.org/maven2/org/apache/maven/plugins/maven-plugins/33/maven-plugins-33.pom
2026-06-16 13:34:34,637 [Worker-6: Building] INFO  o.e.m.c.i.e.AbstractTransferListenerAdapter - Downloading https://repo.maven.apache.org/maven2/org/apache/maven/maven-parent/33/maven-parent-33.pom
2026-06-16 13:34:34,688 [Worker-6: Building] INFO  o.e.m.c.i.e.AbstractTransferListenerAdapter - Downloaded https://repo.maven.apache.org/maven2/org/apache/maven/maven-parent/33/maven-parent-33.pom
2026-06-16 13:34:34,784 [Worker-6: Building] INFO  o.e.m.c.i.e.AbstractTransferListenerAdapter - Downloading https://repo.maven.apache.org/maven2/org/apache/maven/maven-plugin-api/3.0/maven-plugin-api-3.0.pom
2026-06-16 13:34:34,811 [Worker-6: Building] INFO  o.e.m.c.i.e.AbstractTransferListenerAdapter - Downloaded https://repo.maven.apache.org/maven2/org/apache/maven/maven-plugin-api/3.0/maven-plugin-api-3.0.pom
2026-06-16 13:34:34,849 [Worker-6: Building] INFO  o.e.m.c.i.e.AbstractTransferListenerAdapter - Downloading https://repo.maven.apache.org/maven2/org/apache/maven/maven/3.0/maven-3.0.pom
2026-06-16 13:34:34,898 [Worker-6: Building] INFO  o.e.m.c.i.e.AbstractTransferListenerAdapter - Downloaded https://repo.maven.apache.org/maven2/org/apache/maven/maven/3.0/maven-3.0.pom
2026-06-16 13:34:34,946 [Worker-6: Building] INFO  o.e.m.c.i.e.AbstractTransferListenerAdapter - Downloading https://repo.maven.apache.org/maven2/org/apache/maven/maven-parent/15/maven-parent-15.pom
2026-06-16 13:34:34,981 [Worker-6: Building] INFO  o.e.m.c.i.e.AbstractTransferListenerAdapter - Downloaded https://repo.maven.apache.org/maven2/org/apache/maven/maven-parent/15/maven-parent-15.pom
2026-06-16 13:34:35,054 [Worker-6: Building] INFO  o.e.m.c.i.e.AbstractTransferListenerAdapter - Downloading https://repo.maven.apache.org/maven2/org/apache/maven/maven-model/3.0/maven-model-3.0.pom
2026-06-16 13:34:35,090 [Worker-6: Building] INFO  o.e.m.c.i.e.AbstractTransferListenerAdapter - Downloaded https://repo.maven.apache.org/maven2/org/apache/maven/maven-model/3.0/maven-model-3.0.pom
2026-06-16 13:34:35,132 [Worker-6: Building] INFO  o.e.m.c.i.e.AbstractTransferListenerAdapter - Downloading https://repo.maven.apache.org/maven2/org/codehaus/plexus/plexus-utils/2.0.4/plexus-utils-2.0.4.pom
2026-06-16 13:34:35,169 [Worker-6: Building] INFO  o.e.m.c.i.e.AbstractTransferListenerAdapter - Downloaded https://repo.maven.apache.org/maven2/org/codehaus/plexus/plexus-utils/2.0.4/plexus-utils-2.0.4.pom
2026-06-16 13:34:35,211 [Worker-6: Building] INFO  o.e.m.c.i.e.AbstractTransferListenerAdapter - Downloading https://repo.maven.apache.org/maven2/org/codehaus/plexus/plexus/2.0.6/plexus-2.0.6.pom
2026-06-16 13:34:35,251 [Worker-6: Building] INFO  o.e.m.c.i.e.AbstractTransferListenerAdapter - Downloaded https://repo.maven.apache.org/maven2/org/codehaus/plexus/plexus/2.0.6/plexus-2.0.6.pom
2026-06-16 13:34:35,299 [Worker-6: Building] INFO  o.e.m.c.i.e.AbstractTransferListenerAdapter - Downloading https://repo.maven.apache.org/maven2/org/apache/maven/maven-artifact/3.0/maven-artifact-3.0.pom
2026-06-16 13:34:35,336 [Worker-6: Building] INFO  o.e.m.c.i.e.AbstractTransferListenerAdapter - Downloaded https://repo.maven.apache.org/maven2/org/apache/maven/maven-artifact/3.0/maven-artifact-3.0.pom
2026-06-16 13:34:35,381 [Worker-6: Building] INFO  o.e.m.c.i.e.AbstractTransferListenerAdapter - Downloading https://repo.maven.apache.org/maven2/org/sonatype/sisu/sisu-inject-plexus/1.4.2/sisu-inject-plexus-1.4.2.pom
2026-06-16 13:34:35,430 [Worker-6: Building] INFO  o.e.m.c.i.e.AbstractTransferListenerAdapter - Downloaded https://repo.maven.apache.org/maven2/org/sonatype/sisu/sisu-inject-plexus/1.4.2/sisu-inject-plexus-1.4.2.pom
2026-06-16 13:34:35,488 [Worker-6: Building] INFO  o.e.m.c.i.e.AbstractTransferListenerAdapter - Downloading https://repo.maven.apache.org/maven2/org/sonatype/sisu/inject/guice-plexus/1.4.2/guice-plexus-1.4.2.pom
2026-06-16 13:34:35,515 [Worker-6: Building] INFO  o.e.m.c.i.e.AbstractTransferListenerAdapter - Downloaded https://repo.maven.apache.org/maven2/org/sonatype/sisu/inject/guice-plexus/1.4.2/guice-plexus-1.4.2.pom
2026-06-16 13:34:35,557 [Worker-6: Building] INFO  o.e.m.c.i.e.AbstractTransferListenerAdapter - Downloading https://repo.maven.apache.org/maven2/org/sonatype/sisu/inject/guice-bean/1.4.2/guice-bean-1.4.2.pom
2026-06-16 13:34:35,591 [Worker-6: Building] INFO  o.e.m.c.i.e.AbstractTransferListenerAdapter - Downloaded https://repo.maven.apache.org/maven2/org/sonatype/sisu/inject/guice-bean/1.4.2/guice-bean-1.4.2.pom
2026-06-16 13:34:35,648 [Worker-6: Building] INFO  o.e.m.c.i.e.AbstractTransferListenerAdapter - Downloading https://repo.maven.apache.org/maven2/org/sonatype/sisu/sisu-inject/1.4.2/sisu-inject-1.4.2.pom
2026-06-16 13:34:35,686 [Worker-6: Building] INFO  o.e.m.c.i.e.AbstractTransferListenerAdapter - Downloaded https://repo.maven.apache.org/maven2/org/sonatype/sisu/sisu-inject/1.4.2/sisu-inject-1.4.2.pom
2026-06-16 13:34:35,731 [Worker-6: Building] INFO  o.e.m.c.i.e.AbstractTransferListenerAdapter - Downloading https://repo.maven.apache.org/maven2/org/sonatype/sisu/sisu-parent/1.4.2/sisu-parent-1.4.2.pom
2026-06-16 13:34:35,769 [Worker-6: Building] INFO  o.e.m.c.i.e.AbstractTransferListenerAdapter - Downloaded https://repo.maven.apache.org/maven2/org/sonatype/sisu/sisu-parent/1.4.2/sisu-parent-1.4.2.pom
2026-06-16 13:34:35,809 [Worker-6: Building] INFO  o.e.m.c.i.e.AbstractTransferListenerAdapter - Downloading https://repo.maven.apache.org/maven2/org/sonatype/forge/forge-parent/6/forge-parent-6.pom
2026-06-16 13:34:35,853 [Worker-6: Building] INFO  o.e.m.c.i.e.AbstractTransferListenerAdapter - Downloaded https://repo.maven.apache.org/maven2/org/sonatype/forge/forge-parent/6/forge-parent-6.pom
2026-06-16 13:34:35,913 [Worker-6: Building] INFO  o.e.m.c.i.e.AbstractTransferListenerAdapter - Downloading https://repo.maven.apache.org/maven2/org/codehaus/plexus/plexus-component-annotations/1.7.1/plexus-component-annotations-1.7.1.pom
2026-06-16 13:34:35,957 [Worker-6: Building] INFO  o.e.m.c.i.e.AbstractTransferListenerAdapter - Downloaded https://repo.maven.apache.org/maven2/org/codehaus/plexus/plexus-component-annotations/1.7.1/plexus-component-annotations-1.7.1.pom
2026-06-16 13:34:35,998 [Worker-6: Building] INFO  o.e.m.c.i.e.AbstractTransferListenerAdapter - Downloading https://repo.maven.apache.org/maven2/org/codehaus/plexus/plexus-containers/1.7.1/plexus-containers-1.7.1.pom
2026-06-16 13:34:36,032 [Worker-6: Building] INFO  o.e.m.c.i.e.AbstractTransferListenerAdapter - Downloaded https://repo.maven.apache.org/maven2/org/codehaus/plexus/plexus-containers/1.7.1/plexus-containers-1.7.1.pom
2026-06-16 13:34:36,153 [Worker-6: Building] INFO  o.e.m.c.i.e.AbstractTransferListenerAdapter - Downloading https://repo.maven.apache.org/maven2/org/codehaus/plexus/plexus/4.0/plexus-4.0.pom
2026-06-16 13:34:36,199 [Worker-6: Building] INFO  o.e.m.c.i.e.AbstractTransferListenerAdapter - Downloaded https://repo.maven.apache.org/maven2/org/codehaus/plexus/plexus/4.0/plexus-4.0.pom
2026-06-16 13:34:36,274 [Worker-6: Building] INFO  o.e.m.c.i.e.AbstractTransferListenerAdapter - Downloading https://repo.maven.apache.org/maven2/org/codehaus/plexus/plexus-classworlds/2.2.3/plexus-classworlds-2.2.3.pom
2026-06-16 13:34:36,314 [Worker-6: Building] INFO  o.e.m.c.i.e.AbstractTransferListenerAdapter - Downloaded https://repo.maven.apache.org/maven2/org/codehaus/plexus/plexus-classworlds/2.2.3/plexus-classworlds-2.2.3.pom
2026-06-16 13:34:36,357 [Worker-6: Building] INFO  o.e.m.c.i.e.AbstractTransferListenerAdapter - Downloading https://repo.maven.apache.org/maven2/org/codehaus/plexus/plexus-utils/2.0.5/plexus-utils-2.0.5.pom
2026-06-16 13:34:36,399 [Worker-6: Building] INFO  o.e.m.c.i.e.AbstractTransferListenerAdapter - Downloaded https://repo.maven.apache.org/maven2/org/codehaus/plexus/plexus-utils/2.0.5/plexus-utils-2.0.5.pom
2026-06-16 13:34:36,468 [Worker-6: Building] INFO  o.e.m.c.i.e.AbstractTransferListenerAdapter - Downloading https://repo.maven.apache.org/maven2/org/sonatype/sisu/sisu-inject-bean/1.4.2/sisu-inject-bean-1.4.2.pom
2026-06-16 13:34:36,505 [Worker-6: Building] INFO  o.e.m.c.i.e.AbstractTransferListenerAdapter - Downloaded https://repo.maven.apache.org/maven2/org/sonatype/sisu/sisu-inject-bean/1.4.2/sisu-inject-bean-1.4.2.pom
2026-06-16 13:34:36,551 [Worker-6: Building] INFO  o.e.m.c.i.e.AbstractTransferListenerAdapter - Downloading https://repo.maven.apache.org/maven2/org/sonatype/sisu/sisu-guice/2.1.7/sisu-guice-2.1.7.pom
2026-06-16 13:34:36,589 [Worker-6: Building] INFO  o.e.m.c.i.e.AbstractTransferListenerAdapter - Downloaded https://repo.maven.apache.org/maven2/org/sonatype/sisu/sisu-guice/2.1.7/sisu-guice-2.1.7.pom
2026-06-16 13:34:36,653 [Worker-6: Building] INFO  o.e.m.c.i.e.AbstractTransferListenerAdapter - Downloading https://repo.maven.apache.org/maven2/org/apache/maven/maven-core/3.0/maven-core-3.0.pom
2026-06-16 13:34:36,703 [Worker-6: Building] INFO  o.e.m.c.i.e.AbstractTransferListenerAdapter - Downloaded https://repo.maven.apache.org/maven2/org/apache/maven/maven-core/3.0/maven-core-3.0.pom
2026-06-16 13:34:36,747 [Worker-6: Building] INFO  o.e.m.c.i.e.AbstractTransferListenerAdapter - Downloading https://repo.maven.apache.org/maven2/org/apache/maven/maven-settings/3.0/maven-settings-3.0.pom
2026-06-16 13:34:36,775 [Worker-6: Building] INFO  o.e.m.c.i.e.AbstractTransferListenerAdapter - Downloaded https://repo.maven.apache.org/maven2/org/apache/maven/maven-settings/3.0/maven-settings-3.0.pom
2026-06-16 13:34:36,815 [Worker-6: Building] INFO  o.e.m.c.i.e.AbstractTransferListenerAdapter - Downloading https://repo.maven.apache.org/maven2/org/apache/maven/maven-settings-builder/3.0/maven-settings-builder-3.0.pom
2026-06-16 13:34:36,848 [Worker-6: Building] INFO  o.e.m.c.i.e.AbstractTransferListenerAdapter - Downloaded https://repo.maven.apache.org/maven2/org/apache/maven/maven-settings-builder/3.0/maven-settings-builder-3.0.pom
2026-06-16 13:34:36,905 [Worker-6: Building] INFO  o.e.m.c.i.e.AbstractTransferListenerAdapter - Downloading https://repo.maven.apache.org/maven2/org/codehaus/plexus/plexus-interpolation/1.14/plexus-interpolation-1.14.pom
2026-06-16 13:34:36,940 [Worker-6: Building] INFO  o.e.m.c.i.e.AbstractTransferListenerAdapter - Downloaded https://repo.maven.apache.org/maven2/org/codehaus/plexus/plexus-interpolation/1.14/plexus-interpolation-1.14.pom
2026-06-16 13:34:36,983 [Worker-6: Building] INFO  o.e.m.c.i.e.AbstractTransferListenerAdapter - Downloading https://repo.maven.apache.org/maven2/org/codehaus/plexus/plexus-components/1.1.18/plexus-components-1.1.18.pom
2026-06-16 13:34:37,015 [Worker-6: Building] INFO  o.e.m.c.i.e.AbstractTransferListenerAdapter - Downloaded https://repo.maven.apache.org/maven2/org/codehaus/plexus/plexus-components/1.1.18/plexus-components-1.1.18.pom
2026-06-16 13:34:37,180 [Worker-6: Building] INFO  o.e.m.c.i.e.AbstractTransferListenerAdapter - Downloading https://repo.maven.apache.org/maven2/org/codehaus/plexus/plexus-utils/1.5.5/plexus-utils-1.5.5.pom
2026-06-16 13:34:37,215 [Worker-6: Building] INFO  o.e.m.c.i.e.AbstractTransferListenerAdapter - Downloaded https://repo.maven.apache.org/maven2/org/codehaus/plexus/plexus-utils/1.5.5/plexus-utils-1.5.5.pom
2026-06-16 13:34:37,275 [Worker-6: Building] INFO  o.e.m.c.i.e.AbstractTransferListenerAdapter - Downloading https://repo.maven.apache.org/maven2/org/codehaus/plexus/plexus/1.0.11/plexus-1.0.11.pom
2026-06-16 13:34:37,321 [Worker-6: Building] INFO  o.e.m.c.i.e.AbstractTransferListenerAdapter - Downloaded https://repo.maven.apache.org/maven2/org/codehaus/plexus/plexus/1.0.11/plexus-1.0.11.pom
2026-06-16 13:34:37,400 [Worker-6: Building] INFO  o.e.m.c.i.e.AbstractTransferListenerAdapter - Downloading https://repo.maven.apache.org/maven2/org/apache/maven/maven-repository-metadata/3.0/maven-repository-metadata-3.0.pom
2026-06-16 13:34:37,436 [Worker-6: Building] INFO  o.e.m.c.i.e.AbstractTransferListenerAdapter - Downloaded https://repo.maven.apache.org/maven2/org/apache/maven/maven-repository-metadata/3.0/maven-repository-metadata-3.0.pom
2026-06-16 13:34:37,498 [Worker-6: Building] INFO  o.e.m.c.i.e.AbstractTransferListenerAdapter - Downloading https://repo.maven.apache.org/maven2/org/apache/maven/maven-model-builder/3.0/maven-model-builder-3.0.pom
2026-06-16 13:34:37,523 [Worker-6: Building] INFO  o.e.m.c.i.e.AbstractTransferListenerAdapter - Downloaded https://repo.maven.apache.org/maven2/org/apache/maven/maven-model-builder/3.0/maven-model-builder-3.0.pom
2026-06-16 13:34:37,568 [Worker-6: Building] INFO  o.e.m.c.i.e.AbstractTransferListenerAdapter - Downloading https://repo.maven.apache.org/maven2/org/apache/maven/maven-aether-provider/3.0/maven-aether-provider-3.0.pom
2026-06-16 13:34:37,598 [Worker-6: Building] INFO  o.e.m.c.i.e.AbstractTransferListenerAdapter - Downloaded https://repo.maven.apache.org/maven2/org/apache/maven/maven-aether-provider/3.0/maven-aether-provider-3.0.pom
2026-06-16 13:34:37,639 [Worker-6: Building] INFO  o.e.m.c.i.e.AbstractTransferListenerAdapter - Downloading https://repo.maven.apache.org/maven2/org/sonatype/aether/aether-api/1.7/aether-api-1.7.pom
2026-06-16 13:34:37,671 [Worker-6: Building] INFO  o.e.m.c.i.e.AbstractTransferListenerAdapter - Downloaded https://repo.maven.apache.org/maven2/org/sonatype/aether/aether-api/1.7/aether-api-1.7.pom
2026-06-16 13:34:37,716 [Worker-6: Building] INFO  o.e.m.c.i.e.AbstractTransferListenerAdapter - Downloading https://repo.maven.apache.org/maven2/org/sonatype/aether/aether-parent/1.7/aether-parent-1.7.pom
2026-06-16 13:34:37,755 [Worker-6: Building] INFO  o.e.m.c.i.e.AbstractTransferListenerAdapter - Downloaded https://repo.maven.apache.org/maven2/org/sonatype/aether/aether-parent/1.7/aether-parent-1.7.pom
2026-06-16 13:34:37,799 [Worker-6: Building] INFO  o.e.m.c.i.e.AbstractTransferListenerAdapter - Downloading https://repo.maven.apache.org/maven2/org/sonatype/aether/aether-util/1.7/aether-util-1.7.pom
2026-06-16 13:34:37,836 [Worker-6: Building] INFO  o.e.m.c.i.e.AbstractTransferListenerAdapter - Downloaded https://repo.maven.apache.org/maven2/org/sonatype/aether/aether-util/1.7/aether-util-1.7.pom
2026-06-16 13:34:37,882 [Worker-6: Building] INFO  o.e.m.c.i.e.AbstractTransferListenerAdapter - Downloading https://repo.maven.apache.org/maven2/org/sonatype/aether/aether-impl/1.7/aether-impl-1.7.pom
2026-06-16 13:34:37,912 [Worker-6: Building] INFO  o.e.m.c.i.e.AbstractTransferListenerAdapter - Downloaded https://repo.maven.apache.org/maven2/org/sonatype/aether/aether-impl/1.7/aether-impl-1.7.pom
2026-06-16 13:34:37,962 [Worker-6: Building] INFO  o.e.m.c.i.e.AbstractTransferListenerAdapter - Downloading https://repo.maven.apache.org/maven2/org/sonatype/aether/aether-spi/1.7/aether-spi-1.7.pom
2026-06-16 13:34:38,003 [Worker-6: Building] INFO  o.e.m.c.i.e.AbstractTransferListenerAdapter - Downloaded https://repo.maven.apache.org/maven2/org/sonatype/aether/aether-spi/1.7/aether-spi-1.7.pom
2026-06-16 13:34:38,041 [Worker-6: Building] INFO  o.e.m.c.i.e.AbstractTransferListenerAdapter - Downloading https://repo.maven.apache.org/maven2/org/apache/maven/maven-archiver/3.3.0/maven-archiver-3.3.0.pom
2026-06-16 13:34:38,080 [Worker-6: Building] INFO  o.e.m.c.i.e.AbstractTransferListenerAdapter - Downloaded https://repo.maven.apache.org/maven2/org/apache/maven/maven-archiver/3.3.0/maven-archiver-3.3.0.pom
2026-06-16 13:34:38,121 [Worker-6: Building] INFO  o.e.m.c.i.e.AbstractTransferListenerAdapter - Downloading https://repo.maven.apache.org/maven2/org/apache/maven/shared/maven-shared-components/33/maven-shared-components-33.pom
2026-06-16 13:34:38,152 [Worker-6: Building] INFO  o.e.m.c.i.e.AbstractTransferListenerAdapter - Downloaded https://repo.maven.apache.org/maven2/org/apache/maven/shared/maven-shared-components/33/maven-shared-components-33.pom
2026-06-16 13:34:38,196 [Worker-6: Building] INFO  o.e.m.c.i.e.AbstractTransferListenerAdapter - Downloading https://repo.maven.apache.org/maven2/org/apache/maven/shared/maven-shared-utils/3.2.1/maven-shared-utils-3.2.1.pom
2026-06-16 13:34:38,229 [Worker-6: Building] INFO  o.e.m.c.i.e.AbstractTransferListenerAdapter - Downloaded https://repo.maven.apache.org/maven2/org/apache/maven/shared/maven-shared-utils/3.2.1/maven-shared-utils-3.2.1.pom
2026-06-16 13:34:38,268 [Worker-6: Building] INFO  o.e.m.c.i.e.AbstractTransferListenerAdapter - Downloading https://repo.maven.apache.org/maven2/org/apache/maven/shared/maven-shared-components/30/maven-shared-components-30.pom
2026-06-16 13:34:38,302 [Worker-6: Building] INFO  o.e.m.c.i.e.AbstractTransferListenerAdapter - Downloaded https://repo.maven.apache.org/maven2/org/apache/maven/shared/maven-shared-components/30/maven-shared-components-30.pom
2026-06-16 13:34:38,349 [Worker-6: Building] INFO  o.e.m.c.i.e.AbstractTransferListenerAdapter - Downloading https://repo.maven.apache.org/maven2/org/apache/maven/maven-parent/30/maven-parent-30.pom
2026-06-16 13:34:38,384 [Worker-6: Building] INFO  o.e.m.c.i.e.AbstractTransferListenerAdapter - Downloaded https://repo.maven.apache.org/maven2/org/apache/maven/maven-parent/30/maven-parent-30.pom
2026-06-16 13:34:38,549 [Worker-6: Building] INFO  o.e.m.c.i.e.AbstractTransferListenerAdapter - Downloading https://repo.maven.apache.org/maven2/commons-io/commons-io/2.5/commons-io-2.5.pom
2026-06-16 13:34:38,586 [Worker-6: Building] INFO  o.e.m.c.i.e.AbstractTransferListenerAdapter - Downloaded https://repo.maven.apache.org/maven2/commons-io/commons-io/2.5/commons-io-2.5.pom
2026-06-16 13:34:38,690 [Worker-6: Building] INFO  o.e.m.c.i.e.AbstractTransferListenerAdapter - Downloading https://repo.maven.apache.org/maven2/org/codehaus/plexus/plexus-archiver/3.6.0/plexus-archiver-3.6.0.pom
2026-06-16 13:34:38,728 [Worker-6: Building] INFO  o.e.m.c.i.e.AbstractTransferListenerAdapter - Downloaded https://repo.maven.apache.org/maven2/org/codehaus/plexus/plexus-archiver/3.6.0/plexus-archiver-3.6.0.pom
2026-06-16 13:34:38,777 [Worker-6: Building] INFO  o.e.m.c.i.e.AbstractTransferListenerAdapter - Downloading https://repo.maven.apache.org/maven2/org/codehaus/plexus/plexus/5.0/plexus-5.0.pom
2026-06-16 13:34:38,824 [Worker-6: Building] INFO  o.e.m.c.i.e.AbstractTransferListenerAdapter - Downloaded https://repo.maven.apache.org/maven2/org/codehaus/plexus/plexus/5.0/plexus-5.0.pom
2026-06-16 13:34:38,887 [Worker-6: Building] INFO  o.e.m.c.i.e.AbstractTransferListenerAdapter - Downloading https://repo.maven.apache.org/maven2/org/codehaus/plexus/plexus-utils/3.1.0/plexus-utils-3.1.0.pom
2026-06-16 13:34:38,935 [Worker-6: Building] INFO  o.e.m.c.i.e.AbstractTransferListenerAdapter - Downloaded https://repo.maven.apache.org/maven2/org/codehaus/plexus/plexus-utils/3.1.0/plexus-utils-3.1.0.pom
2026-06-16 13:34:38,971 [Worker-6: Building] INFO  o.e.m.c.i.e.AbstractTransferListenerAdapter - Downloading https://repo.maven.apache.org/maven2/org/codehaus/plexus/plexus-io/3.0.1/plexus-io-3.0.1.pom
2026-06-16 13:34:39,007 [Worker-6: Building] INFO  o.e.m.c.i.e.AbstractTransferListenerAdapter - Downloaded https://repo.maven.apache.org/maven2/org/codehaus/plexus/plexus-io/3.0.1/plexus-io-3.0.1.pom
2026-06-16 13:34:39,103 [Worker-6: Building] INFO  o.e.m.c.i.e.AbstractTransferListenerAdapter - Downloading https://repo.maven.apache.org/maven2/org/apache/commons/commons-compress/1.16.1/commons-compress-1.16.1.pom
2026-06-16 13:34:39,144 [Worker-6: Building] INFO  o.e.m.c.i.e.AbstractTransferListenerAdapter - Downloaded https://repo.maven.apache.org/maven2/org/apache/commons/commons-compress/1.16.1/commons-compress-1.16.1.pom
2026-06-16 13:34:39,203 [Worker-6: Building] INFO  o.e.m.c.i.e.AbstractTransferListenerAdapter - Downloading https://repo.maven.apache.org/maven2/org/apache/commons/commons-parent/43/commons-parent-43.pom
2026-06-16 13:34:39,241 [Worker-6: Building] INFO  o.e.m.c.i.e.AbstractTransferListenerAdapter - Downloaded https://repo.maven.apache.org/maven2/org/apache/commons/commons-parent/43/commons-parent-43.pom
2026-06-16 13:34:39,377 [Worker-6: Building] INFO  o.e.m.c.i.e.AbstractTransferListenerAdapter - Downloading https://repo.maven.apache.org/maven2/org/tukaani/xz/1.8/xz-1.8.pom
2026-06-16 13:34:39,420 [Worker-6: Building] INFO  o.e.m.c.i.e.AbstractTransferListenerAdapter - Downloaded https://repo.maven.apache.org/maven2/org/tukaani/xz/1.8/xz-1.8.pom
2026-06-16 13:34:39,466 [Worker-6: Building] INFO  o.e.m.c.i.e.AbstractTransferListenerAdapter - Downloading https://repo.maven.apache.org/maven2/org/codehaus/plexus/plexus-interpolation/1.25/plexus-interpolation-1.25.pom
2026-06-16 13:34:39,503 [Worker-6: Building] INFO  o.e.m.c.i.e.AbstractTransferListenerAdapter - Downloaded https://repo.maven.apache.org/maven2/org/codehaus/plexus/plexus-interpolation/1.25/plexus-interpolation-1.25.pom
2026-06-16 13:34:39,562 [Worker-6: Building] INFO  o.e.m.c.i.e.AbstractTransferListenerAdapter - Downloading https://repo.maven.apache.org/maven2/org/codehaus/plexus/plexus-archiver/3.7.0/plexus-archiver-3.7.0.pom
2026-06-16 13:34:39,599 [Worker-6: Building] INFO  o.e.m.c.i.e.AbstractTransferListenerAdapter - Downloaded https://repo.maven.apache.org/maven2/org/codehaus/plexus/plexus-archiver/3.7.0/plexus-archiver-3.7.0.pom
2026-06-16 13:34:39,637 [Worker-6: Building] INFO  o.e.m.c.i.e.AbstractTransferListenerAdapter - Downloading https://repo.maven.apache.org/maven2/org/codehaus/plexus/plexus-io/3.1.0/plexus-io-3.1.0.pom
2026-06-16 13:34:39,676 [Worker-6: Building] INFO  o.e.m.c.i.e.AbstractTransferListenerAdapter - Downloaded https://repo.maven.apache.org/maven2/org/codehaus/plexus/plexus-io/3.1.0/plexus-io-3.1.0.pom
2026-06-16 13:34:39,742 [Worker-6: Building] INFO  o.e.m.c.i.e.AbstractTransferListenerAdapter - Downloading https://repo.maven.apache.org/maven2/org/apache/commons/commons-compress/1.18/commons-compress-1.18.pom
2026-06-16 13:34:39,783 [Worker-6: Building] INFO  o.e.m.c.i.e.AbstractTransferListenerAdapter - Downloaded https://repo.maven.apache.org/maven2/org/apache/commons/commons-compress/1.18/commons-compress-1.18.pom
2026-06-16 13:34:39,905 [Worker-6: Building] INFO  o.e.m.c.i.e.AbstractTransferListenerAdapter - Downloading https://repo.maven.apache.org/maven2/org/apache/maven/maven-plugin-api/3.0/maven-plugin-api-3.0.jar
2026-06-16 13:34:40,399 [Worker-6: Building] INFO  o.e.m.c.i.e.AbstractTransferListenerAdapter - Downloaded https://repo.maven.apache.org/maven2/org/apache/maven/maven-plugin-api/3.0/maven-plugin-api-3.0.jar
2026-06-16 13:34:40,448 [BasicRepositoryConnector-repo.maven.apache.org-0-1] INFO  o.e.m.c.i.e.AbstractTransferListenerAdapter - Downloading https://repo.maven.apache.org/maven2/org/sonatype/sisu/sisu-inject-plexus/1.4.2/sisu-inject-plexus-1.4.2.jar
2026-06-16 13:34:40,528 [BasicRepositoryConnector-repo.maven.apache.org-0-0] INFO  o.e.m.c.i.e.AbstractTransferListenerAdapter - Downloading https://repo.maven.apache.org/maven2/org/apache/maven/maven-model/3.0/maven-model-3.0.jar
2026-06-16 13:34:40,528 [BasicRepositoryConnector-repo.maven.apache.org-0-3] INFO  o.e.m.c.i.e.AbstractTransferListenerAdapter - Downloading https://repo.maven.apache.org/maven2/org/sonatype/sisu/sisu-guice/2.1.7/sisu-guice-2.1.7-noaop.jar
2026-06-16 13:34:40,528 [BasicRepositoryConnector-repo.maven.apache.org-0-2] INFO  o.e.m.c.i.e.AbstractTransferListenerAdapter - Downloading https://repo.maven.apache.org/maven2/org/sonatype/sisu/sisu-inject-bean/1.4.2/sisu-inject-bean-1.4.2.jar
2026-06-16 13:34:40,542 [BasicRepositoryConnector-repo.maven.apache.org-0-1] INFO  o.e.m.c.i.e.AbstractTransferListenerAdapter - Downloaded https://repo.maven.apache.org/maven2/org/sonatype/sisu/sisu-inject-plexus/1.4.2/sisu-inject-plexus-1.4.2.jar
2026-06-16 13:34:40,543 [BasicRepositoryConnector-repo.maven.apache.org-0-4] INFO  o.e.m.c.i.e.AbstractTransferListenerAdapter - Downloading https://repo.maven.apache.org/maven2/org/apache/maven/maven-core/3.0/maven-core-3.0.jar
2026-06-16 13:34:40,585 [BasicRepositoryConnector-repo.maven.apache.org-0-1] INFO  o.e.m.c.i.e.AbstractTransferListenerAdapter - Downloading https://repo.maven.apache.org/maven2/org/apache/maven/maven-settings/3.0/maven-settings-3.0.jar
2026-06-16 13:34:40,616 [BasicRepositoryConnector-repo.maven.apache.org-0-0] INFO  o.e.m.c.i.e.AbstractTransferListenerAdapter - Downloaded https://repo.maven.apache.org/maven2/org/apache/maven/maven-model/3.0/maven-model-3.0.jar
2026-06-16 13:34:40,633 [BasicRepositoryConnector-repo.maven.apache.org-0-2] INFO  o.e.m.c.i.e.AbstractTransferListenerAdapter - Downloaded https://repo.maven.apache.org/maven2/org/sonatype/sisu/sisu-inject-bean/1.4.2/sisu-inject-bean-1.4.2.jar
2026-06-16 13:34:40,670 [BasicRepositoryConnector-repo.maven.apache.org-0-0] INFO  o.e.m.c.i.e.AbstractTransferListenerAdapter - Downloading https://repo.maven.apache.org/maven2/org/apache/maven/maven-settings-builder/3.0/maven-settings-builder-3.0.jar
2026-06-16 13:34:40,706 [BasicRepositoryConnector-repo.maven.apache.org-0-3] INFO  o.e.m.c.i.e.AbstractTransferListenerAdapter - Downloaded https://repo.maven.apache.org/maven2/org/sonatype/sisu/sisu-guice/2.1.7/sisu-guice-2.1.7-noaop.jar
2026-06-16 13:34:40,712 [BasicRepositoryConnector-repo.maven.apache.org-0-4] INFO  o.e.m.c.i.e.AbstractTransferListenerAdapter - Downloaded https://repo.maven.apache.org/maven2/org/apache/maven/maven-core/3.0/maven-core-3.0.jar
2026-06-16 13:34:40,765 [BasicRepositoryConnector-repo.maven.apache.org-0-2] INFO  o.e.m.c.i.e.AbstractTransferListenerAdapter - Downloading https://repo.maven.apache.org/maven2/org/apache/maven/maven-repository-metadata/3.0/maven-repository-metadata-3.0.jar
2026-06-16 13:34:40,818 [BasicRepositoryConnector-repo.maven.apache.org-0-3] INFO  o.e.m.c.i.e.AbstractTransferListenerAdapter - Downloading https://repo.maven.apache.org/maven2/org/apache/maven/maven-model-builder/3.0/maven-model-builder-3.0.jar
2026-06-16 13:34:40,855 [BasicRepositoryConnector-repo.maven.apache.org-0-4] INFO  o.e.m.c.i.e.AbstractTransferListenerAdapter - Downloading https://repo.maven.apache.org/maven2/org/apache/maven/maven-aether-provider/3.0/maven-aether-provider-3.0.jar
2026-06-16 13:34:40,888 [BasicRepositoryConnector-repo.maven.apache.org-0-4] INFO  o.e.m.c.i.e.AbstractTransferListenerAdapter - Downloaded https://repo.maven.apache.org/maven2/org/apache/maven/maven-aether-provider/3.0/maven-aether-provider-3.0.jar
2026-06-16 13:34:40,889 [BasicRepositoryConnector-repo.maven.apache.org-0-3] INFO  o.e.m.c.i.e.AbstractTransferListenerAdapter - Downloaded https://repo.maven.apache.org/maven2/org/apache/maven/maven-model-builder/3.0/maven-model-builder-3.0.jar
2026-06-16 13:34:40,938 [BasicRepositoryConnector-repo.maven.apache.org-0-3] INFO  o.e.m.c.i.e.AbstractTransferListenerAdapter - Downloading https://repo.maven.apache.org/maven2/org/sonatype/aether/aether-spi/1.7/aether-spi-1.7.jar
2026-06-16 13:34:40,939 [BasicRepositoryConnector-repo.maven.apache.org-0-4] INFO  o.e.m.c.i.e.AbstractTransferListenerAdapter - Downloading https://repo.maven.apache.org/maven2/org/sonatype/aether/aether-impl/1.7/aether-impl-1.7.jar
2026-06-16 13:34:40,979 [BasicRepositoryConnector-repo.maven.apache.org-0-4] INFO  o.e.m.c.i.e.AbstractTransferListenerAdapter - Downloaded https://repo.maven.apache.org/maven2/org/sonatype/aether/aether-impl/1.7/aether-impl-1.7.jar
2026-06-16 13:34:41,028 [BasicRepositoryConnector-repo.maven.apache.org-0-4] INFO  o.e.m.c.i.e.AbstractTransferListenerAdapter - Downloading https://repo.maven.apache.org/maven2/org/sonatype/aether/aether-api/1.7/aether-api-1.7.jar
2026-06-16 13:34:41,036 [BasicRepositoryConnector-repo.maven.apache.org-0-1] INFO  o.e.m.c.i.e.AbstractTransferListenerAdapter - Downloaded https://repo.maven.apache.org/maven2/org/apache/maven/maven-settings/3.0/maven-settings-3.0.jar
2026-06-16 13:34:41,063 [BasicRepositoryConnector-repo.maven.apache.org-0-2] INFO  o.e.m.c.i.e.AbstractTransferListenerAdapter - Downloaded https://repo.maven.apache.org/maven2/org/apache/maven/maven-repository-metadata/3.0/maven-repository-metadata-3.0.jar
2026-06-16 13:34:41,068 [BasicRepositoryConnector-repo.maven.apache.org-0-4] INFO  o.e.m.c.i.e.AbstractTransferListenerAdapter - Downloaded https://repo.maven.apache.org/maven2/org/sonatype/aether/aether-api/1.7/aether-api-1.7.jar
2026-06-16 13:34:41,088 [BasicRepositoryConnector-repo.maven.apache.org-0-1] INFO  o.e.m.c.i.e.AbstractTransferListenerAdapter - Downloading https://repo.maven.apache.org/maven2/org/sonatype/aether/aether-util/1.7/aether-util-1.7.jar
2026-06-16 13:34:41,100 [BasicRepositoryConnector-repo.maven.apache.org-0-2] INFO  o.e.m.c.i.e.AbstractTransferListenerAdapter - Downloading https://repo.maven.apache.org/maven2/org/codehaus/plexus/plexus-interpolation/1.14/plexus-interpolation-1.14.jar
2026-06-16 13:34:41,134 [BasicRepositoryConnector-repo.maven.apache.org-0-1] INFO  o.e.m.c.i.e.AbstractTransferListenerAdapter - Downloaded https://repo.maven.apache.org/maven2/org/sonatype/aether/aether-util/1.7/aether-util-1.7.jar
2026-06-16 13:34:41,135 [BasicRepositoryConnector-repo.maven.apache.org-0-4] INFO  o.e.m.c.i.e.AbstractTransferListenerAdapter - Downloading https://repo.maven.apache.org/maven2/org/codehaus/plexus/plexus-classworlds/2.2.3/plexus-classworlds-2.2.3.jar
2026-06-16 13:34:41,135 [BasicRepositoryConnector-repo.maven.apache.org-0-2] INFO  o.e.m.c.i.e.AbstractTransferListenerAdapter - Downloaded https://repo.maven.apache.org/maven2/org/codehaus/plexus/plexus-interpolation/1.14/plexus-interpolation-1.14.jar
2026-06-16 13:34:41,176 [BasicRepositoryConnector-repo.maven.apache.org-0-1] INFO  o.e.m.c.i.e.AbstractTransferListenerAdapter - Downloading https://repo.maven.apache.org/maven2/org/codehaus/plexus/plexus-component-annotations/1.7.1/plexus-component-annotations-1.7.1.jar
2026-06-16 13:34:41,194 [BasicRepositoryConnector-repo.maven.apache.org-0-2] INFO  o.e.m.c.i.e.AbstractTransferListenerAdapter - Downloading https://repo.maven.apache.org/maven2/org/sonatype/plexus/plexus-sec-dispatcher/1.3/plexus-sec-dispatcher-1.3.jar
2026-06-16 13:34:41,248 [BasicRepositoryConnector-repo.maven.apache.org-0-3] INFO  o.e.m.c.i.e.AbstractTransferListenerAdapter - Downloaded https://repo.maven.apache.org/maven2/org/sonatype/aether/aether-spi/1.7/aether-spi-1.7.jar
2026-06-16 13:34:41,252 [BasicRepositoryConnector-repo.maven.apache.org-0-0] INFO  o.e.m.c.i.e.AbstractTransferListenerAdapter - Downloaded https://repo.maven.apache.org/maven2/org/apache/maven/maven-settings-builder/3.0/maven-settings-builder-3.0.jar
2026-06-16 13:34:41,291 [BasicRepositoryConnector-repo.maven.apache.org-0-0] INFO  o.e.m.c.i.e.AbstractTransferListenerAdapter - Downloading https://repo.maven.apache.org/maven2/org/apache/maven/maven-artifact/3.0/maven-artifact-3.0.jar
2026-06-16 13:34:41,297 [BasicRepositoryConnector-repo.maven.apache.org-0-3] INFO  o.e.m.c.i.e.AbstractTransferListenerAdapter - Downloading https://repo.maven.apache.org/maven2/org/sonatype/plexus/plexus-cipher/1.4/plexus-cipher-1.4.jar
2026-06-16 13:34:41,333 [BasicRepositoryConnector-repo.maven.apache.org-0-0] INFO  o.e.m.c.i.e.AbstractTransferListenerAdapter - Downloaded https://repo.maven.apache.org/maven2/org/apache/maven/maven-artifact/3.0/maven-artifact-3.0.jar
2026-06-16 13:34:41,340 [BasicRepositoryConnector-repo.maven.apache.org-0-1] INFO  o.e.m.c.i.e.AbstractTransferListenerAdapter - Downloaded https://repo.maven.apache.org/maven2/org/codehaus/plexus/plexus-component-annotations/1.7.1/plexus-component-annotations-1.7.1.jar
2026-06-16 13:34:41,379 [BasicRepositoryConnector-repo.maven.apache.org-0-1] INFO  o.e.m.c.i.e.AbstractTransferListenerAdapter - Downloading https://repo.maven.apache.org/maven2/org/apache/maven/shared/maven-shared-utils/3.2.1/maven-shared-utils-3.2.1.jar
2026-06-16 13:34:41,379 [BasicRepositoryConnector-repo.maven.apache.org-0-0] INFO  o.e.m.c.i.e.AbstractTransferListenerAdapter - Downloading https://repo.maven.apache.org/maven2/org/apache/maven/maven-archiver/3.3.0/maven-archiver-3.3.0.jar
2026-06-16 13:34:41,427 [BasicRepositoryConnector-repo.maven.apache.org-0-1] INFO  o.e.m.c.i.e.AbstractTransferListenerAdapter - Downloaded https://repo.maven.apache.org/maven2/org/apache/maven/shared/maven-shared-utils/3.2.1/maven-shared-utils-3.2.1.jar
2026-06-16 13:34:41,482 [BasicRepositoryConnector-repo.maven.apache.org-0-1] INFO  o.e.m.c.i.e.AbstractTransferListenerAdapter - Downloading https://repo.maven.apache.org/maven2/commons-io/commons-io/2.5/commons-io-2.5.jar
2026-06-16 13:34:41,483 [BasicRepositoryConnector-repo.maven.apache.org-0-3] INFO  o.e.m.c.i.e.AbstractTransferListenerAdapter - Downloaded https://repo.maven.apache.org/maven2/org/sonatype/plexus/plexus-cipher/1.4/plexus-cipher-1.4.jar
2026-06-16 13:34:41,506 [BasicRepositoryConnector-repo.maven.apache.org-0-2] INFO  o.e.m.c.i.e.AbstractTransferListenerAdapter - Downloaded https://repo.maven.apache.org/maven2/org/sonatype/plexus/plexus-sec-dispatcher/1.3/plexus-sec-dispatcher-1.3.jar
2026-06-16 13:34:41,522 [BasicRepositoryConnector-repo.maven.apache.org-0-1] INFO  o.e.m.c.i.e.AbstractTransferListenerAdapter - Downloaded https://repo.maven.apache.org/maven2/commons-io/commons-io/2.5/commons-io-2.5.jar
2026-06-16 13:34:41,540 [BasicRepositoryConnector-repo.maven.apache.org-0-3] INFO  o.e.m.c.i.e.AbstractTransferListenerAdapter - Downloading https://repo.maven.apache.org/maven2/org/codehaus/plexus/plexus-archiver/3.7.0/plexus-archiver-3.7.0.jar
2026-06-16 13:34:41,555 [BasicRepositoryConnector-repo.maven.apache.org-0-2] INFO  o.e.m.c.i.e.AbstractTransferListenerAdapter - Downloading https://repo.maven.apache.org/maven2/org/codehaus/plexus/plexus-io/3.1.0/plexus-io-3.1.0.jar
2026-06-16 13:34:41,568 [BasicRepositoryConnector-repo.maven.apache.org-0-1] INFO  o.e.m.c.i.e.AbstractTransferListenerAdapter - Downloading https://repo.maven.apache.org/maven2/org/apache/commons/commons-compress/1.18/commons-compress-1.18.jar
2026-06-16 13:34:41,596 [BasicRepositoryConnector-repo.maven.apache.org-0-3] INFO  o.e.m.c.i.e.AbstractTransferListenerAdapter - Downloaded https://repo.maven.apache.org/maven2/org/codehaus/plexus/plexus-archiver/3.7.0/plexus-archiver-3.7.0.jar
2026-06-16 13:34:41,604 [BasicRepositoryConnector-repo.maven.apache.org-0-2] INFO  o.e.m.c.i.e.AbstractTransferListenerAdapter - Downloaded https://repo.maven.apache.org/maven2/org/codehaus/plexus/plexus-io/3.1.0/plexus-io-3.1.0.jar
2026-06-16 13:34:41,629 [BasicRepositoryConnector-repo.maven.apache.org-0-3] INFO  o.e.m.c.i.e.AbstractTransferListenerAdapter - Downloading https://repo.maven.apache.org/maven2/org/tukaani/xz/1.8/xz-1.8.jar
2026-06-16 13:34:41,653 [BasicRepositoryConnector-repo.maven.apache.org-0-0] INFO  o.e.m.c.i.e.AbstractTransferListenerAdapter - Downloaded https://repo.maven.apache.org/maven2/org/apache/maven/maven-archiver/3.3.0/maven-archiver-3.3.0.jar
2026-06-16 13:34:41,663 [BasicRepositoryConnector-repo.maven.apache.org-0-2] INFO  o.e.m.c.i.e.AbstractTransferListenerAdapter - Downloading https://repo.maven.apache.org/maven2/org/codehaus/plexus/plexus-utils/3.1.0/plexus-utils-3.1.0.jar
2026-06-16 13:34:41,679 [BasicRepositoryConnector-repo.maven.apache.org-0-1] INFO  o.e.m.c.i.e.AbstractTransferListenerAdapter - Downloaded https://repo.maven.apache.org/maven2/org/apache/commons/commons-compress/1.18/commons-compress-1.18.jar
2026-06-16 13:34:41,705 [BasicRepositoryConnector-repo.maven.apache.org-0-3] INFO  o.e.m.c.i.e.AbstractTransferListenerAdapter - Downloaded https://repo.maven.apache.org/maven2/org/tukaani/xz/1.8/xz-1.8.jar
2026-06-16 13:34:41,710 [BasicRepositoryConnector-repo.maven.apache.org-0-2] INFO  o.e.m.c.i.e.AbstractTransferListenerAdapter - Downloaded https://repo.maven.apache.org/maven2/org/codehaus/plexus/plexus-utils/3.1.0/plexus-utils-3.1.0.jar
2026-06-16 13:34:41,768 [BasicRepositoryConnector-repo.maven.apache.org-0-4] INFO  o.e.m.c.i.e.AbstractTransferListenerAdapter - Downloaded https://repo.maven.apache.org/maven2/org/codehaus/plexus/plexus-classworlds/2.2.3/plexus-classworlds-2.2.3.jar
2026-06-16 13:34:42,502 [Worker-6: Building] INFO  o.a.m.s.f.DefaultMavenResourcesFiltering - Copying 1 resource from src\main\resources to target\classes
2026-06-16 13:34:42,514 [Worker-6: Building] INFO  o.a.m.s.f.DefaultMavenResourcesFiltering - Copying 0 resource from src\main\resources to target\classes
2026-06-16 13:34:42,519 [Worker-6: Building] INFO  o.a.m.s.f.DefaultMavenResourcesFiltering - skip non existing resourceDirectory C:\Eclipse_Projects\Spring_JPA_H2_RestAPI\ramesh_Spring_JPA_REST_H2_Project\src\test\resources
2026-06-16 13:34:42,557 [Worker-6: Building] WARN  o.apache.maven.project.MavenProject - Direct modification of compileSourceRoots through clear() is deprecated and will not work in Maven 4.0.0. Please use the add/remove methods instead. If you're using a plugin that causes this warning, please upgrade to the latest version and report an issue if the warning persists. To disable these warnings, set -Dmaven.project.sourceRoots.warningsDisabled=true on the command line, in the .mvn/maven.config file, or in project POM properties.
2026-06-16 13:34:42,558 [Worker-6: Building] WARN  o.apache.maven.project.MavenProject - Direct modification of compileSourceRoots through add() is deprecated and will not work in Maven 4.0.0. Please use the add/remove methods instead. If you're using a plugin that causes this warning, please upgrade to the latest version and report an issue if the warning persists. To disable these warnings, set -Dmaven.project.sourceRoots.warningsDisabled=true on the command line, in the .mvn/maven.config file, or in project POM properties.
2026-06-16 13:34:42,559 [Worker-6: Building] WARN  o.apache.maven.project.MavenProject - Direct modification of testCompileSourceRoots through clear() is deprecated and will not work in Maven 4.0.0. Please use the add/remove methods instead. If you're using a plugin that causes this warning, please upgrade to the latest version and report an issue if the warning persists. To disable these warnings, set -Dmaven.project.sourceRoots.warningsDisabled=true on the command line, in the .mvn/maven.config file, or in project POM properties.
2026-06-16 13:34:42,560 [Worker-6: Building] WARN  o.apache.maven.project.MavenProject - Direct modification of testCompileSourceRoots through add() is deprecated and will not work in Maven 4.0.0. Please use the add/remove methods instead. If you're using a plugin that causes this warning, please upgrade to the latest version and report an issue if the warning persists. To disable these warnings, set -Dmaven.project.sourceRoots.warningsDisabled=true on the command line, in the .mvn/maven.config file, or in project POM properties.
2026-06-16 13:34:42,822 [Worker-8: Updating Maven Project] INFO  o.e.m.c.i.p.ProjectConfigurationManager - Update started
2026-06-16 13:34:43,713 [Worker-8: Updating Maven Project] INFO  o.e.m.c.i.l.LifecycleMappingFactory - Using org.eclipse.m2e.jdt.JarLifecycleMapping lifecycle mapping for MavenProject: com.example:ramesh_Spring_JPA_REST_H2_Project:0.0.1-SNAPSHOT @ C:\Eclipse_Projects\Spring_JPA_H2_RestAPI\ramesh_Spring_JPA_REST_H2_Project\pom.xml.
2026-06-16 13:34:45,301 [Worker-8: Updating Maven Project] INFO  o.e.m.j.i.AbstractJavaProjectConfigurator - Adding source folder /ramesh_Spring_JPA_REST_H2_Project/src/main/java
2026-06-16 13:34:45,302 [Worker-8: Updating Maven Project] INFO  o.e.m.j.i.AbstractJavaProjectConfigurator - Adding resource folder /ramesh_Spring_JPA_REST_H2_Project/src/main/resources
2026-06-16 13:34:45,303 [Worker-8: Updating Maven Project] INFO  o.e.m.j.i.AbstractJavaProjectConfigurator - Adding resource folder /ramesh_Spring_JPA_REST_H2_Project/src/main/resources
2026-06-16 13:34:45,304 [Worker-8: Updating Maven Project] INFO  o.e.m.j.i.AbstractJavaProjectConfigurator - Adding source folder /ramesh_Spring_JPA_REST_H2_Project/src/test/java
2026-06-16 13:34:45,305 [Worker-8: Updating Maven Project] INFO  o.e.m.j.i.AbstractJavaProjectConfigurator - Adding resource folder /ramesh_Spring_JPA_REST_H2_Project/src/test/resources
2026-06-16 13:34:45,792 [Worker-8: Updating Maven Project] WARN  o.apache.maven.project.MavenProject - Direct modification of compileSourceRoots through clear() is deprecated and will not work in Maven 4.0.0. Please use the add/remove methods instead. If you're using a plugin that causes this warning, please upgrade to the latest version and report an issue if the warning persists. To disable these warnings, set -Dmaven.project.sourceRoots.warningsDisabled=true on the command line, in the .mvn/maven.config file, or in project POM properties.
2026-06-16 13:34:45,793 [Worker-8: Updating Maven Project] WARN  o.apache.maven.project.MavenProject - Direct modification of compileSourceRoots through add() is deprecated and will not work in Maven 4.0.0. Please use the add/remove methods instead. If you're using a plugin that causes this warning, please upgrade to the latest version and report an issue if the warning persists. To disable these warnings, set -Dmaven.project.sourceRoots.warningsDisabled=true on the command line, in the .mvn/maven.config file, or in project POM properties.
2026-06-16 13:34:45,795 [Worker-8: Updating Maven Project] WARN  o.apache.maven.project.MavenProject - Direct modification of testCompileSourceRoots through clear() is deprecated and will not work in Maven 4.0.0. Please use the add/remove methods instead. If you're using a plugin that causes this warning, please upgrade to the latest version and report an issue if the warning persists. To disable these warnings, set -Dmaven.project.sourceRoots.warningsDisabled=true on the command line, in the .mvn/maven.config file, or in project POM properties.
2026-06-16 13:34:45,796 [Worker-8: Updating Maven Project] WARN  o.apache.maven.project.MavenProject - Direct modification of testCompileSourceRoots through add() is deprecated and will not work in Maven 4.0.0. Please use the add/remove methods instead. If you're using a plugin that causes this warning, please upgrade to the latest version and report an issue if the warning persists. To disable these warnings, set -Dmaven.project.sourceRoots.warningsDisabled=true on the command line, in the .mvn/maven.config file, or in project POM properties.
2026-06-16 13:34:45,921 [Worker-8: Updating Maven Project] INFO  o.e.m.c.i.p.ProjectConfigurationManager - Update completed for 1 poms: local refresh takes 0.00 sec, refresh facades takes 2.00 sec, update config takes 0.00 sec 
2026-06-16 13:34:47,559 [Worker-19: Building] INFO  o.e.m.c.i.l.LifecycleMappingFactory - Using org.eclipse.m2e.jdt.JarLifecycleMapping lifecycle mapping for MavenProject: com.example:ramesh_Spring_JPA_REST_H2_Project:0.0.1-SNAPSHOT @ C:\Eclipse_Projects\Spring_JPA_H2_RestAPI\ramesh_Spring_JPA_REST_H2_Project\pom.xml.
2026-06-16 13:34:49,621 [Worker-19: Building] INFO  o.a.m.s.f.DefaultMavenResourcesFiltering - Copying 1 resource from src\main\resources to target\classes
2026-06-16 13:34:49,651 [Worker-19: Building] INFO  o.a.m.s.f.DefaultMavenResourcesFiltering - Copying 0 resource from src\main\resources to target\classes
2026-06-16 13:34:49,658 [Worker-19: Building] INFO  o.a.m.s.f.DefaultMavenResourcesFiltering - skip non existing resourceDirectory C:\Eclipse_Projects\Spring_JPA_H2_RestAPI\ramesh_Spring_JPA_REST_H2_Project\src\test\resources
2026-06-16 13:34:49,715 [Worker-19: Building] WARN  o.apache.maven.project.MavenProject - Direct modification of compileSourceRoots through clear() is deprecated and will not work in Maven 4.0.0. Please use the add/remove methods instead. If you're using a plugin that causes this warning, please upgrade to the latest version and report an issue if the warning persists. To disable these warnings, set -Dmaven.project.sourceRoots.warningsDisabled=true on the command line, in the .mvn/maven.config file, or in project POM properties.
2026-06-16 13:34:49,717 [Worker-19: Building] WARN  o.apache.maven.project.MavenProject - Direct modification of compileSourceRoots through add() is deprecated and will not work in Maven 4.0.0. Please use the add/remove methods instead. If you're using a plugin that causes this warning, please upgrade to the latest version and report an issue if the warning persists. To disable these warnings, set -Dmaven.project.sourceRoots.warningsDisabled=true on the command line, in the .mvn/maven.config file, or in project POM properties.
2026-06-16 13:34:49,718 [Worker-19: Building] WARN  o.apache.maven.project.MavenProject - Direct modification of testCompileSourceRoots through clear() is deprecated and will not work in Maven 4.0.0. Please use the add/remove methods instead. If you're using a plugin that causes this warning, please upgrade to the latest version and report an issue if the warning persists. To disable these warnings, set -Dmaven.project.sourceRoots.warningsDisabled=true on the command line, in the .mvn/maven.config file, or in project POM properties.
2026-06-16 13:34:49,719 [Worker-19: Building] WARN  o.apache.maven.project.MavenProject - Direct modification of testCompileSourceRoots through add() is deprecated and will not work in Maven 4.0.0. Please use the add/remove methods instead. If you're using a plugin that causes this warning, please upgrade to the latest version and report an issue if the warning persists. To disable these warnings, set -Dmaven.project.sourceRoots.warningsDisabled=true on the command line, in the .mvn/maven.config file, or in project POM properties.
2026-06-16 13:40:44,712 [Worker-22: Building] INFO  o.a.m.s.f.DefaultMavenResourcesFiltering - Copying 1 resource from src\main\resources to target\classes
2026-06-16 13:40:44,728 [Worker-22: Building] INFO  o.a.m.s.f.DefaultMavenResourcesFiltering - Copying 0 resource from src\main\resources to target\classes
2026-06-16 13:40:44,732 [Worker-22: Building] INFO  o.a.m.s.f.DefaultMavenResourcesFiltering - skip non existing resourceDirectory C:\Eclipse_Projects\Spring_JPA_H2_RestAPI\ramesh_Spring_JPA_REST_H2_Project\src\test\resources
2026-06-16 13:40:44,732 [Worker-22: Building] WARN  o.apache.maven.project.MavenProject - Direct modification of compileSourceRoots through clear() is deprecated and will not work in Maven 4.0.0. Please use the add/remove methods instead. If you're using a plugin that causes this warning, please upgrade to the latest version and report an issue if the warning persists. To disable these warnings, set -Dmaven.project.sourceRoots.warningsDisabled=true on the command line, in the .mvn/maven.config file, or in project POM properties.
2026-06-16 13:40:44,734 [Worker-22: Building] WARN  o.apache.maven.project.MavenProject - Direct modification of compileSourceRoots through add() is deprecated and will not work in Maven 4.0.0. Please use the add/remove methods instead. If you're using a plugin that causes this warning, please upgrade to the latest version and report an issue if the warning persists. To disable these warnings, set -Dmaven.project.sourceRoots.warningsDisabled=true on the command line, in the .mvn/maven.config file, or in project POM properties.
2026-06-16 13:40:44,736 [Worker-22: Building] WARN  o.apache.maven.project.MavenProject - Direct modification of testCompileSourceRoots through clear() is deprecated and will not work in Maven 4.0.0. Please use the add/remove methods instead. If you're using a plugin that causes this warning, please upgrade to the latest version and report an issue if the warning persists. To disable these warnings, set -Dmaven.project.sourceRoots.warningsDisabled=true on the command line, in the .mvn/maven.config file, or in project POM properties.
2026-06-16 13:40:44,737 [Worker-22: Building] WARN  o.apache.maven.project.MavenProject - Direct modification of testCompileSourceRoots through add() is deprecated and will not work in Maven 4.0.0. Please use the add/remove methods instead. If you're using a plugin that causes this warning, please upgrade to the latest version and report an issue if the warning persists. To disable these warnings, set -Dmaven.project.sourceRoots.warningsDisabled=true on the command line, in the .mvn/maven.config file, or in project POM properties.
2026-06-16 13:41:00,797 [Worker-24: Building] INFO  o.a.m.s.f.DefaultMavenResourcesFiltering - Copying 1 resource from src\main\resources to target\classes
2026-06-16 13:41:00,800 [Worker-24: Building] INFO  o.a.m.s.f.DefaultMavenResourcesFiltering - Copying 0 resource from src\main\resources to target\classes
2026-06-16 13:41:00,805 [Worker-24: Building] INFO  o.a.m.s.f.DefaultMavenResourcesFiltering - skip non existing resourceDirectory C:\Eclipse_Projects\Spring_JPA_H2_RestAPI\ramesh_Spring_JPA_REST_H2_Project\src\test\resources
2026-06-16 13:41:00,806 [Worker-24: Building] WARN  o.apache.maven.project.MavenProject - Direct modification of compileSourceRoots through clear() is deprecated and will not work in Maven 4.0.0. Please use the add/remove methods instead. If you're using a plugin that causes this warning, please upgrade to the latest version and report an issue if the warning persists. To disable these warnings, set -Dmaven.project.sourceRoots.warningsDisabled=true on the command line, in the .mvn/maven.config file, or in project POM properties.
2026-06-16 13:41:00,807 [Worker-24: Building] WARN  o.apache.maven.project.MavenProject - Direct modification of compileSourceRoots through add() is deprecated and will not work in Maven 4.0.0. Please use the add/remove methods instead. If you're using a plugin that causes this warning, please upgrade to the latest version and report an issue if the warning persists. To disable these warnings, set -Dmaven.project.sourceRoots.warningsDisabled=true on the command line, in the .mvn/maven.config file, or in project POM properties.
2026-06-16 13:41:00,808 [Worker-24: Building] WARN  o.apache.maven.project.MavenProject - Direct modification of testCompileSourceRoots through clear() is deprecated and will not work in Maven 4.0.0. Please use the add/remove methods instead. If you're using a plugin that causes this warning, please upgrade to the latest version and report an issue if the warning persists. To disable these warnings, set -Dmaven.project.sourceRoots.warningsDisabled=true on the command line, in the .mvn/maven.config file, or in project POM properties.
2026-06-16 13:41:00,809 [Worker-24: Building] WARN  o.apache.maven.project.MavenProject - Direct modification of testCompileSourceRoots through add() is deprecated and will not work in Maven 4.0.0. Please use the add/remove methods instead. If you're using a plugin that causes this warning, please upgrade to the latest version and report an issue if the warning persists. To disable these warnings, set -Dmaven.project.sourceRoots.warningsDisabled=true on the command line, in the .mvn/maven.config file, or in project POM properties.
2026-06-16 13:47:16,741 [Worker-24: Building] INFO  o.a.m.s.f.DefaultMavenResourcesFiltering - Copying 0 resource from src\main\resources to target\classes
2026-06-16 13:47:16,742 [Worker-24: Building] INFO  o.a.m.s.f.DefaultMavenResourcesFiltering - Copying 0 resource from src\main\resources to target\classes
2026-06-16 13:47:16,748 [Worker-24: Building] INFO  o.a.m.s.f.DefaultMavenResourcesFiltering - skip non existing resourceDirectory C:\Eclipse_Projects\Spring_JPA_H2_RestAPI\ramesh_Spring_JPA_REST_H2_Project\src\test\resources
2026-06-16 13:47:16,748 [Worker-24: Building] WARN  o.apache.maven.project.MavenProject - Direct modification of compileSourceRoots through clear() is deprecated and will not work in Maven 4.0.0. Please use the add/remove methods instead. If you're using a plugin that causes this warning, please upgrade to the latest version and report an issue if the warning persists. To disable these warnings, set -Dmaven.project.sourceRoots.warningsDisabled=true on the command line, in the .mvn/maven.config file, or in project POM properties.
2026-06-16 13:47:16,750 [Worker-24: Building] WARN  o.apache.maven.project.MavenProject - Direct modification of compileSourceRoots through add() is deprecated and will not work in Maven 4.0.0. Please use the add/remove methods instead. If you're using a plugin that causes this warning, please upgrade to the latest version and report an issue if the warning persists. To disable these warnings, set -Dmaven.project.sourceRoots.warningsDisabled=true on the command line, in the .mvn/maven.config file, or in project POM properties.
2026-06-16 13:47:16,750 [Worker-24: Building] WARN  o.apache.maven.project.MavenProject - Direct modification of testCompileSourceRoots through clear() is deprecated and will not work in Maven 4.0.0. Please use the add/remove methods instead. If you're using a plugin that causes this warning, please upgrade to the latest version and report an issue if the warning persists. To disable these warnings, set -Dmaven.project.sourceRoots.warningsDisabled=true on the command line, in the .mvn/maven.config file, or in project POM properties.
2026-06-16 13:47:16,752 [Worker-24: Building] WARN  o.apache.maven.project.MavenProject - Direct modification of testCompileSourceRoots through add() is deprecated and will not work in Maven 4.0.0. Please use the add/remove methods instead. If you're using a plugin that causes this warning, please upgrade to the latest version and report an issue if the warning persists. To disable these warnings, set -Dmaven.project.sourceRoots.warningsDisabled=true on the command line, in the .mvn/maven.config file, or in project POM properties.
2026-06-16 13:47:28,615 [Worker-26: Building] INFO  o.a.m.s.f.DefaultMavenResourcesFiltering - Copying 1 resource from src\main\resources to target\classes
2026-06-16 13:47:28,618 [Worker-26: Building] INFO  o.a.m.s.f.DefaultMavenResourcesFiltering - Copying 0 resource from src\main\resources to target\classes
2026-06-16 13:47:28,624 [Worker-26: Building] INFO  o.a.m.s.f.DefaultMavenResourcesFiltering - skip non existing resourceDirectory C:\Eclipse_Projects\Spring_JPA_H2_RestAPI\ramesh_Spring_JPA_REST_H2_Project\src\test\resources
2026-06-16 13:47:28,691 [Worker-26: Building] WARN  o.apache.maven.project.MavenProject - Direct modification of compileSourceRoots through clear() is deprecated and will not work in Maven 4.0.0. Please use the add/remove methods instead. If you're using a plugin that causes this warning, please upgrade to the latest version and report an issue if the warning persists. To disable these warnings, set -Dmaven.project.sourceRoots.warningsDisabled=true on the command line, in the .mvn/maven.config file, or in project POM properties.
2026-06-16 13:47:28,693 [Worker-26: Building] WARN  o.apache.maven.project.MavenProject - Direct modification of compileSourceRoots through add() is deprecated and will not work in Maven 4.0.0. Please use the add/remove methods instead. If you're using a plugin that causes this warning, please upgrade to the latest version and report an issue if the warning persists. To disable these warnings, set -Dmaven.project.sourceRoots.warningsDisabled=true on the command line, in the .mvn/maven.config file, or in project POM properties.
2026-06-16 13:47:28,694 [Worker-26: Building] WARN  o.apache.maven.project.MavenProject - Direct modification of testCompileSourceRoots through clear() is deprecated and will not work in Maven 4.0.0. Please use the add/remove methods instead. If you're using a plugin that causes this warning, please upgrade to the latest version and report an issue if the warning persists. To disable these warnings, set -Dmaven.project.sourceRoots.warningsDisabled=true on the command line, in the .mvn/maven.config file, or in project POM properties.
2026-06-16 13:47:28,695 [Worker-26: Building] WARN  o.apache.maven.project.MavenProject - Direct modification of testCompileSourceRoots through add() is deprecated and will not work in Maven 4.0.0. Please use the add/remove methods instead. If you're using a plugin that causes this warning, please upgrade to the latest version and report an issue if the warning persists. To disable these warnings, set -Dmaven.project.sourceRoots.warningsDisabled=true on the command line, in the .mvn/maven.config file, or in project POM properties.
2026-06-16 13:49:42,917 [Worker-23: Building] INFO  o.a.m.s.f.DefaultMavenResourcesFiltering - Copying 0 resource from src\main\resources to target\classes
2026-06-16 13:49:42,919 [Worker-23: Building] INFO  o.a.m.s.f.DefaultMavenResourcesFiltering - Copying 0 resource from src\main\resources to target\classes
2026-06-16 13:49:42,934 [Worker-23: Building] INFO  o.a.m.s.f.DefaultMavenResourcesFiltering - skip non existing resourceDirectory C:\Eclipse_Projects\Spring_JPA_H2_RestAPI\ramesh_Spring_JPA_REST_H2_Project\src\test\resources
2026-06-16 13:49:42,934 [Worker-23: Building] WARN  o.apache.maven.project.MavenProject - Direct modification of compileSourceRoots through clear() is deprecated and will not work in Maven 4.0.0. Please use the add/remove methods instead. If you're using a plugin that causes this warning, please upgrade to the latest version and report an issue if the warning persists. To disable these warnings, set -Dmaven.project.sourceRoots.warningsDisabled=true on the command line, in the .mvn/maven.config file, or in project POM properties.
2026-06-16 13:49:42,937 [Worker-23: Building] WARN  o.apache.maven.project.MavenProject - Direct modification of compileSourceRoots through add() is deprecated and will not work in Maven 4.0.0. Please use the add/remove methods instead. If you're using a plugin that causes this warning, please upgrade to the latest version and report an issue if the warning persists. To disable these warnings, set -Dmaven.project.sourceRoots.warningsDisabled=true on the command line, in the .mvn/maven.config file, or in project POM properties.
2026-06-16 13:49:42,938 [Worker-23: Building] WARN  o.apache.maven.project.MavenProject - Direct modification of testCompileSourceRoots through clear() is deprecated and will not work in Maven 4.0.0. Please use the add/remove methods instead. If you're using a plugin that causes this warning, please upgrade to the latest version and report an issue if the warning persists. To disable these warnings, set -Dmaven.project.sourceRoots.warningsDisabled=true on the command line, in the .mvn/maven.config file, or in project POM properties.
2026-06-16 13:49:42,940 [Worker-23: Building] WARN  o.apache.maven.project.MavenProject - Direct modification of testCompileSourceRoots through add() is deprecated and will not work in Maven 4.0.0. Please use the add/remove methods instead. If you're using a plugin that causes this warning, please upgrade to the latest version and report an issue if the warning persists. To disable these warnings, set -Dmaven.project.sourceRoots.warningsDisabled=true on the command line, in the .mvn/maven.config file, or in project POM properties.
2026-06-16 13:50:40,924 [Worker-28: Building] INFO  o.a.m.s.f.DefaultMavenResourcesFiltering - Copying 0 resource from src\main\resources to target\classes
2026-06-16 13:50:40,932 [Worker-28: Building] INFO  o.a.m.s.f.DefaultMavenResourcesFiltering - Copying 0 resource from src\main\resources to target\classes
2026-06-16 13:50:40,938 [Worker-28: Building] INFO  o.a.m.s.f.DefaultMavenResourcesFiltering - skip non existing resourceDirectory C:\Eclipse_Projects\Spring_JPA_H2_RestAPI\ramesh_Spring_JPA_REST_H2_Project\src\test\resources
2026-06-16 13:50:40,939 [Worker-28: Building] WARN  o.apache.maven.project.MavenProject - Direct modification of compileSourceRoots through clear() is deprecated and will not work in Maven 4.0.0. Please use the add/remove methods instead. If you're using a plugin that causes this warning, please upgrade to the latest version and report an issue if the warning persists. To disable these warnings, set -Dmaven.project.sourceRoots.warningsDisabled=true on the command line, in the .mvn/maven.config file, or in project POM properties.
2026-06-16 13:50:40,941 [Worker-28: Building] WARN  o.apache.maven.project.MavenProject - Direct modification of compileSourceRoots through add() is deprecated and will not work in Maven 4.0.0. Please use the add/remove methods instead. If you're using a plugin that causes this warning, please upgrade to the latest version and report an issue if the warning persists. To disable these warnings, set -Dmaven.project.sourceRoots.warningsDisabled=true on the command line, in the .mvn/maven.config file, or in project POM properties.
2026-06-16 13:50:40,944 [Worker-28: Building] WARN  o.apache.maven.project.MavenProject - Direct modification of testCompileSourceRoots through clear() is deprecated and will not work in Maven 4.0.0. Please use the add/remove methods instead. If you're using a plugin that causes this warning, please upgrade to the latest version and report an issue if the warning persists. To disable these warnings, set -Dmaven.project.sourceRoots.warningsDisabled=true on the command line, in the .mvn/maven.config file, or in project POM properties.
2026-06-16 13:50:40,945 [Worker-28: Building] WARN  o.apache.maven.project.MavenProject - Direct modification of testCompileSourceRoots through add() is deprecated and will not work in Maven 4.0.0. Please use the add/remove methods instead. If you're using a plugin that causes this warning, please upgrade to the latest version and report an issue if the warning persists. To disable these warnings, set -Dmaven.project.sourceRoots.warningsDisabled=true on the command line, in the .mvn/maven.config file, or in project POM properties.
2026-06-16 13:51:00,791 [Worker-24: Building] INFO  o.a.m.s.f.DefaultMavenResourcesFiltering - Copying 0 resource from src\main\resources to target\classes
2026-06-16 13:51:00,792 [Worker-24: Building] INFO  o.a.m.s.f.DefaultMavenResourcesFiltering - Copying 0 resource from src\main\resources to target\classes
2026-06-16 13:51:00,802 [Worker-24: Building] INFO  o.a.m.s.f.DefaultMavenResourcesFiltering - skip non existing resourceDirectory C:\Eclipse_Projects\Spring_JPA_H2_RestAPI\ramesh_Spring_JPA_REST_H2_Project\src\test\resources
2026-06-16 13:51:00,802 [Worker-24: Building] WARN  o.apache.maven.project.MavenProject - Direct modification of compileSourceRoots through clear() is deprecated and will not work in Maven 4.0.0. Please use the add/remove methods instead. If you're using a plugin that causes this warning, please upgrade to the latest version and report an issue if the warning persists. To disable these warnings, set -Dmaven.project.sourceRoots.warningsDisabled=true on the command line, in the .mvn/maven.config file, or in project POM properties.
2026-06-16 13:51:00,804 [Worker-24: Building] WARN  o.apache.maven.project.MavenProject - Direct modification of compileSourceRoots through add() is deprecated and will not work in Maven 4.0.0. Please use the add/remove methods instead. If you're using a plugin that causes this warning, please upgrade to the latest version and report an issue if the warning persists. To disable these warnings, set -Dmaven.project.sourceRoots.warningsDisabled=true on the command line, in the .mvn/maven.config file, or in project POM properties.
2026-06-16 13:51:00,806 [Worker-24: Building] WARN  o.apache.maven.project.MavenProject - Direct modification of testCompileSourceRoots through clear() is deprecated and will not work in Maven 4.0.0. Please use the add/remove methods instead. If you're using a plugin that causes this warning, please upgrade to the latest version and report an issue if the warning persists. To disable these warnings, set -Dmaven.project.sourceRoots.warningsDisabled=true on the command line, in the .mvn/maven.config file, or in project POM properties.
2026-06-16 13:51:00,808 [Worker-24: Building] WARN  o.apache.maven.project.MavenProject - Direct modification of testCompileSourceRoots through add() is deprecated and will not work in Maven 4.0.0. Please use the add/remove methods instead. If you're using a plugin that causes this warning, please upgrade to the latest version and report an issue if the warning persists. To disable these warnings, set -Dmaven.project.sourceRoots.warningsDisabled=true on the command line, in the .mvn/maven.config file, or in project POM properties.
2026-06-16 13:51:05,394 [Worker-28: Building] INFO  o.a.m.s.f.DefaultMavenResourcesFiltering - Copying 1 resource from src\main\resources to target\classes
2026-06-16 13:51:05,398 [Worker-28: Building] INFO  o.a.m.s.f.DefaultMavenResourcesFiltering - Copying 0 resource from src\main\resources to target\classes
2026-06-16 13:51:05,408 [Worker-28: Building] INFO  o.a.m.s.f.DefaultMavenResourcesFiltering - skip non existing resourceDirectory C:\Eclipse_Projects\Spring_JPA_H2_RestAPI\ramesh_Spring_JPA_REST_H2_Project\src\test\resources
2026-06-16 13:51:05,436 [Worker-28: Building] WARN  o.apache.maven.project.MavenProject - Direct modification of compileSourceRoots through clear() is deprecated and will not work in Maven 4.0.0. Please use the add/remove methods instead. If you're using a plugin that causes this warning, please upgrade to the latest version and report an issue if the warning persists. To disable these warnings, set -Dmaven.project.sourceRoots.warningsDisabled=true on the command line, in the .mvn/maven.config file, or in project POM properties.
2026-06-16 13:51:05,444 [Worker-28: Building] WARN  o.apache.maven.project.MavenProject - Direct modification of compileSourceRoots through add() is deprecated and will not work in Maven 4.0.0. Please use the add/remove methods instead. If you're using a plugin that causes this warning, please upgrade to the latest version and report an issue if the warning persists. To disable these warnings, set -Dmaven.project.sourceRoots.warningsDisabled=true on the command line, in the .mvn/maven.config file, or in project POM properties.
2026-06-16 13:51:05,447 [Worker-28: Building] WARN  o.apache.maven.project.MavenProject - Direct modification of testCompileSourceRoots through clear() is deprecated and will not work in Maven 4.0.0. Please use the add/remove methods instead. If you're using a plugin that causes this warning, please upgrade to the latest version and report an issue if the warning persists. To disable these warnings, set -Dmaven.project.sourceRoots.warningsDisabled=true on the command line, in the .mvn/maven.config file, or in project POM properties.
2026-06-16 13:51:05,448 [Worker-28: Building] WARN  o.apache.maven.project.MavenProject - Direct modification of testCompileSourceRoots through add() is deprecated and will not work in Maven 4.0.0. Please use the add/remove methods instead. If you're using a plugin that causes this warning, please upgrade to the latest version and report an issue if the warning persists. To disable these warnings, set -Dmaven.project.sourceRoots.warningsDisabled=true on the command line, in the .mvn/maven.config file, or in project POM properties.
2026-06-16 14:49:55,584 [Worker-38: Building] INFO  o.a.m.s.f.DefaultMavenResourcesFiltering - Copying 1 resource from src\main\resources to target\classes
2026-06-16 14:49:55,589 [Worker-38: Building] INFO  o.a.m.s.f.DefaultMavenResourcesFiltering - Copying 0 resource from src\main\resources to target\classes
2026-06-16 14:49:55,592 [Worker-38: Building] INFO  o.a.m.s.f.DefaultMavenResourcesFiltering - skip non existing resourceDirectory C:\Eclipse_Projects\Spring_JPA_H2_RestAPI\ramesh_Spring_JPA_REST_H2_Project\src\test\resources
2026-06-16 14:49:55,617 [Worker-38: Building] WARN  o.apache.maven.project.MavenProject - Direct modification of compileSourceRoots through clear() is deprecated and will not work in Maven 4.0.0. Please use the add/remove methods instead. If you're using a plugin that causes this warning, please upgrade to the latest version and report an issue if the warning persists. To disable these warnings, set -Dmaven.project.sourceRoots.warningsDisabled=true on the command line, in the .mvn/maven.config file, or in project POM properties.
2026-06-16 14:49:55,618 [Worker-38: Building] WARN  o.apache.maven.project.MavenProject - Direct modification of compileSourceRoots through add() is deprecated and will not work in Maven 4.0.0. Please use the add/remove methods instead. If you're using a plugin that causes this warning, please upgrade to the latest version and report an issue if the warning persists. To disable these warnings, set -Dmaven.project.sourceRoots.warningsDisabled=true on the command line, in the .mvn/maven.config file, or in project POM properties.
2026-06-16 14:49:55,619 [Worker-38: Building] WARN  o.apache.maven.project.MavenProject - Direct modification of testCompileSourceRoots through clear() is deprecated and will not work in Maven 4.0.0. Please use the add/remove methods instead. If you're using a plugin that causes this warning, please upgrade to the latest version and report an issue if the warning persists. To disable these warnings, set -Dmaven.project.sourceRoots.warningsDisabled=true on the command line, in the .mvn/maven.config file, or in project POM properties.
2026-06-16 14:49:55,620 [Worker-38: Building] WARN  o.apache.maven.project.MavenProject - Direct modification of testCompileSourceRoots through add() is deprecated and will not work in Maven 4.0.0. Please use the add/remove methods instead. If you're using a plugin that causes this warning, please upgrade to the latest version and report an issue if the warning persists. To disable these warnings, set -Dmaven.project.sourceRoots.warningsDisabled=true on the command line, in the .mvn/maven.config file, or in project POM properties.
2026-06-16 14:50:42,276 [Worker-40: Building] INFO  o.a.m.s.f.DefaultMavenResourcesFiltering - Copying 0 resource from src\main\resources to target\classes
2026-06-16 14:50:42,278 [Worker-40: Building] INFO  o.a.m.s.f.DefaultMavenResourcesFiltering - Copying 0 resource from src\main\resources to target\classes
2026-06-16 14:50:42,283 [Worker-40: Building] INFO  o.a.m.s.f.DefaultMavenResourcesFiltering - skip non existing resourceDirectory C:\Eclipse_Projects\Spring_JPA_H2_RestAPI\ramesh_Spring_JPA_REST_H2_Project\src\test\resources
2026-06-16 14:50:42,284 [Worker-40: Building] WARN  o.apache.maven.project.MavenProject - Direct modification of compileSourceRoots through clear() is deprecated and will not work in Maven 4.0.0. Please use the add/remove methods instead. If you're using a plugin that causes this warning, please upgrade to the latest version and report an issue if the warning persists. To disable these warnings, set -Dmaven.project.sourceRoots.warningsDisabled=true on the command line, in the .mvn/maven.config file, or in project POM properties.
2026-06-16 14:50:42,285 [Worker-40: Building] WARN  o.apache.maven.project.MavenProject - Direct modification of compileSourceRoots through add() is deprecated and will not work in Maven 4.0.0. Please use the add/remove methods instead. If you're using a plugin that causes this warning, please upgrade to the latest version and report an issue if the warning persists. To disable these warnings, set -Dmaven.project.sourceRoots.warningsDisabled=true on the command line, in the .mvn/maven.config file, or in project POM properties.
2026-06-16 14:50:42,286 [Worker-40: Building] WARN  o.apache.maven.project.MavenProject - Direct modification of testCompileSourceRoots through clear() is deprecated and will not work in Maven 4.0.0. Please use the add/remove methods instead. If you're using a plugin that causes this warning, please upgrade to the latest version and report an issue if the warning persists. To disable these warnings, set -Dmaven.project.sourceRoots.warningsDisabled=true on the command line, in the .mvn/maven.config file, or in project POM properties.
2026-06-16 14:50:42,288 [Worker-40: Building] WARN  o.apache.maven.project.MavenProject - Direct modification of testCompileSourceRoots through add() is deprecated and will not work in Maven 4.0.0. Please use the add/remove methods instead. If you're using a plugin that causes this warning, please upgrade to the latest version and report an issue if the warning persists. To disable these warnings, set -Dmaven.project.sourceRoots.warningsDisabled=true on the command line, in the .mvn/maven.config file, or in project POM properties.
2026-06-16 14:51:09,084 [Worker-38: Building] INFO  o.a.m.s.f.DefaultMavenResourcesFiltering - Copying 0 resource from src\main\resources to target\classes
2026-06-16 14:51:09,085 [Worker-38: Building] INFO  o.a.m.s.f.DefaultMavenResourcesFiltering - Copying 0 resource from src\main\resources to target\classes
2026-06-16 14:51:09,088 [Worker-38: Building] INFO  o.a.m.s.f.DefaultMavenResourcesFiltering - skip non existing resourceDirectory C:\Eclipse_Projects\Spring_JPA_H2_RestAPI\ramesh_Spring_JPA_REST_H2_Project\src\test\resources
2026-06-16 14:51:09,088 [Worker-38: Building] WARN  o.apache.maven.project.MavenProject - Direct modification of compileSourceRoots through clear() is deprecated and will not work in Maven 4.0.0. Please use the add/remove methods instead. If you're using a plugin that causes this warning, please upgrade to the latest version and report an issue if the warning persists. To disable these warnings, set -Dmaven.project.sourceRoots.warningsDisabled=true on the command line, in the .mvn/maven.config file, or in project POM properties.
2026-06-16 14:51:09,089 [Worker-38: Building] WARN  o.apache.maven.project.MavenProject - Direct modification of compileSourceRoots through add() is deprecated and will not work in Maven 4.0.0. Please use the add/remove methods instead. If you're using a plugin that causes this warning, please upgrade to the latest version and report an issue if the warning persists. To disable these warnings, set -Dmaven.project.sourceRoots.warningsDisabled=true on the command line, in the .mvn/maven.config file, or in project POM properties.
2026-06-16 14:51:09,090 [Worker-38: Building] WARN  o.apache.maven.project.MavenProject - Direct modification of testCompileSourceRoots through clear() is deprecated and will not work in Maven 4.0.0. Please use the add/remove methods instead. If you're using a plugin that causes this warning, please upgrade to the latest version and report an issue if the warning persists. To disable these warnings, set -Dmaven.project.sourceRoots.warningsDisabled=true on the command line, in the .mvn/maven.config file, or in project POM properties.
2026-06-16 14:51:09,090 [Worker-38: Building] WARN  o.apache.maven.project.MavenProject - Direct modification of testCompileSourceRoots through add() is deprecated and will not work in Maven 4.0.0. Please use the add/remove methods instead. If you're using a plugin that causes this warning, please upgrade to the latest version and report an issue if the warning persists. To disable these warnings, set -Dmaven.project.sourceRoots.warningsDisabled=true on the command line, in the .mvn/maven.config file, or in project POM properties.
2026-06-16 14:51:44,592 [Worker-36: Building] INFO  o.a.m.s.f.DefaultMavenResourcesFiltering - Copying 0 resource from src\main\resources to target\classes
2026-06-16 14:51:44,595 [Worker-36: Building] INFO  o.a.m.s.f.DefaultMavenResourcesFiltering - Copying 0 resource from src\main\resources to target\classes
2026-06-16 14:51:44,602 [Worker-36: Building] INFO  o.a.m.s.f.DefaultMavenResourcesFiltering - skip non existing resourceDirectory C:\Eclipse_Projects\Spring_JPA_H2_RestAPI\ramesh_Spring_JPA_REST_H2_Project\src\test\resources
2026-06-16 14:51:44,602 [Worker-36: Building] WARN  o.apache.maven.project.MavenProject - Direct modification of compileSourceRoots through clear() is deprecated and will not work in Maven 4.0.0. Please use the add/remove methods instead. If you're using a plugin that causes this warning, please upgrade to the latest version and report an issue if the warning persists. To disable these warnings, set -Dmaven.project.sourceRoots.warningsDisabled=true on the command line, in the .mvn/maven.config file, or in project POM properties.
2026-06-16 14:51:44,604 [Worker-36: Building] WARN  o.apache.maven.project.MavenProject - Direct modification of compileSourceRoots through add() is deprecated and will not work in Maven 4.0.0. Please use the add/remove methods instead. If you're using a plugin that causes this warning, please upgrade to the latest version and report an issue if the warning persists. To disable these warnings, set -Dmaven.project.sourceRoots.warningsDisabled=true on the command line, in the .mvn/maven.config file, or in project POM properties.
2026-06-16 14:51:44,605 [Worker-36: Building] WARN  o.apache.maven.project.MavenProject - Direct modification of testCompileSourceRoots through clear() is deprecated and will not work in Maven 4.0.0. Please use the add/remove methods instead. If you're using a plugin that causes this warning, please upgrade to the latest version and report an issue if the warning persists. To disable these warnings, set -Dmaven.project.sourceRoots.warningsDisabled=true on the command line, in the .mvn/maven.config file, or in project POM properties.
2026-06-16 14:51:44,606 [Worker-36: Building] WARN  o.apache.maven.project.MavenProject - Direct modification of testCompileSourceRoots through add() is deprecated and will not work in Maven 4.0.0. Please use the add/remove methods instead. If you're using a plugin that causes this warning, please upgrade to the latest version and report an issue if the warning persists. To disable these warnings, set -Dmaven.project.sourceRoots.warningsDisabled=true on the command line, in the .mvn/maven.config file, or in project POM properties.
2026-06-16 14:51:55,682 [Worker-31: Building] INFO  o.a.m.s.f.DefaultMavenResourcesFiltering - Copying 0 resource from src\main\resources to target\classes
2026-06-16 14:51:55,684 [Worker-31: Building] INFO  o.a.m.s.f.DefaultMavenResourcesFiltering - Copying 0 resource from src\main\resources to target\classes
2026-06-16 14:51:55,687 [Worker-31: Building] INFO  o.a.m.s.f.DefaultMavenResourcesFiltering - skip non existing resourceDirectory C:\Eclipse_Projects\Spring_JPA_H2_RestAPI\ramesh_Spring_JPA_REST_H2_Project\src\test\resources
2026-06-16 14:51:55,688 [Worker-31: Building] WARN  o.apache.maven.project.MavenProject - Direct modification of compileSourceRoots through clear() is deprecated and will not work in Maven 4.0.0. Please use the add/remove methods instead. If you're using a plugin that causes this warning, please upgrade to the latest version and report an issue if the warning persists. To disable these warnings, set -Dmaven.project.sourceRoots.warningsDisabled=true on the command line, in the .mvn/maven.config file, or in project POM properties.
2026-06-16 14:51:55,688 [Worker-31: Building] WARN  o.apache.maven.project.MavenProject - Direct modification of compileSourceRoots through add() is deprecated and will not work in Maven 4.0.0. Please use the add/remove methods instead. If you're using a plugin that causes this warning, please upgrade to the latest version and report an issue if the warning persists. To disable these warnings, set -Dmaven.project.sourceRoots.warningsDisabled=true on the command line, in the .mvn/maven.config file, or in project POM properties.
2026-06-16 14:51:55,690 [Worker-31: Building] WARN  o.apache.maven.project.MavenProject - Direct modification of testCompileSourceRoots through clear() is deprecated and will not work in Maven 4.0.0. Please use the add/remove methods instead. If you're using a plugin that causes this warning, please upgrade to the latest version and report an issue if the warning persists. To disable these warnings, set -Dmaven.project.sourceRoots.warningsDisabled=true on the command line, in the .mvn/maven.config file, or in project POM properties.
2026-06-16 14:51:55,691 [Worker-31: Building] WARN  o.apache.maven.project.MavenProject - Direct modification of testCompileSourceRoots through add() is deprecated and will not work in Maven 4.0.0. Please use the add/remove methods instead. If you're using a plugin that causes this warning, please upgrade to the latest version and report an issue if the warning persists. To disable these warnings, set -Dmaven.project.sourceRoots.warningsDisabled=true on the command line, in the .mvn/maven.config file, or in project POM properties.
2026-06-16 14:51:58,780 [Worker-36: Building] INFO  o.a.m.s.f.DefaultMavenResourcesFiltering - Copying 0 resource from src\main\resources to target\classes
2026-06-16 14:51:58,783 [Worker-36: Building] INFO  o.a.m.s.f.DefaultMavenResourcesFiltering - Copying 0 resource from src\main\resources to target\classes
2026-06-16 14:51:58,787 [Worker-36: Building] INFO  o.a.m.s.f.DefaultMavenResourcesFiltering - skip non existing resourceDirectory C:\Eclipse_Projects\Spring_JPA_H2_RestAPI\ramesh_Spring_JPA_REST_H2_Project\src\test\resources
2026-06-16 14:51:58,788 [Worker-36: Building] WARN  o.apache.maven.project.MavenProject - Direct modification of compileSourceRoots through clear() is deprecated and will not work in Maven 4.0.0. Please use the add/remove methods instead. If you're using a plugin that causes this warning, please upgrade to the latest version and report an issue if the warning persists. To disable these warnings, set -Dmaven.project.sourceRoots.warningsDisabled=true on the command line, in the .mvn/maven.config file, or in project POM properties.
2026-06-16 14:51:58,789 [Worker-36: Building] WARN  o.apache.maven.project.MavenProject - Direct modification of compileSourceRoots through add() is deprecated and will not work in Maven 4.0.0. Please use the add/remove methods instead. If you're using a plugin that causes this warning, please upgrade to the latest version and report an issue if the warning persists. To disable these warnings, set -Dmaven.project.sourceRoots.warningsDisabled=true on the command line, in the .mvn/maven.config file, or in project POM properties.
2026-06-16 14:51:58,790 [Worker-36: Building] WARN  o.apache.maven.project.MavenProject - Direct modification of testCompileSourceRoots through clear() is deprecated and will not work in Maven 4.0.0. Please use the add/remove methods instead. If you're using a plugin that causes this warning, please upgrade to the latest version and report an issue if the warning persists. To disable these warnings, set -Dmaven.project.sourceRoots.warningsDisabled=true on the command line, in the .mvn/maven.config file, or in project POM properties.
2026-06-16 14:51:58,790 [Worker-36: Building] WARN  o.apache.maven.project.MavenProject - Direct modification of testCompileSourceRoots through add() is deprecated and will not work in Maven 4.0.0. Please use the add/remove methods instead. If you're using a plugin that causes this warning, please upgrade to the latest version and report an issue if the warning persists. To disable these warnings, set -Dmaven.project.sourceRoots.warningsDisabled=true on the command line, in the .mvn/maven.config file, or in project POM properties.
2026-06-16 14:52:24,300 [Worker-36: Building] INFO  o.a.m.s.f.DefaultMavenResourcesFiltering - Copying 0 resource from src\main\resources to target\classes
2026-06-16 14:52:24,302 [Worker-36: Building] INFO  o.a.m.s.f.DefaultMavenResourcesFiltering - Copying 0 resource from src\main\resources to target\classes
2026-06-16 14:52:24,307 [Worker-36: Building] INFO  o.a.m.s.f.DefaultMavenResourcesFiltering - skip non existing resourceDirectory C:\Eclipse_Projects\Spring_JPA_H2_RestAPI\ramesh_Spring_JPA_REST_H2_Project\src\test\resources
2026-06-16 14:52:24,309 [Worker-36: Building] WARN  o.apache.maven.project.MavenProject - Direct modification of compileSourceRoots through clear() is deprecated and will not work in Maven 4.0.0. Please use the add/remove methods instead. If you're using a plugin that causes this warning, please upgrade to the latest version and report an issue if the warning persists. To disable these warnings, set -Dmaven.project.sourceRoots.warningsDisabled=true on the command line, in the .mvn/maven.config file, or in project POM properties.
2026-06-16 14:52:24,313 [Worker-36: Building] WARN  o.apache.maven.project.MavenProject - Direct modification of compileSourceRoots through add() is deprecated and will not work in Maven 4.0.0. Please use the add/remove methods instead. If you're using a plugin that causes this warning, please upgrade to the latest version and report an issue if the warning persists. To disable these warnings, set -Dmaven.project.sourceRoots.warningsDisabled=true on the command line, in the .mvn/maven.config file, or in project POM properties.
2026-06-16 14:52:24,314 [Worker-36: Building] WARN  o.apache.maven.project.MavenProject - Direct modification of testCompileSourceRoots through clear() is deprecated and will not work in Maven 4.0.0. Please use the add/remove methods instead. If you're using a plugin that causes this warning, please upgrade to the latest version and report an issue if the warning persists. To disable these warnings, set -Dmaven.project.sourceRoots.warningsDisabled=true on the command line, in the .mvn/maven.config file, or in project POM properties.
2026-06-16 14:52:24,315 [Worker-36: Building] WARN  o.apache.maven.project.MavenProject - Direct modification of testCompileSourceRoots through add() is deprecated and will not work in Maven 4.0.0. Please use the add/remove methods instead. If you're using a plugin that causes this warning, please upgrade to the latest version and report an issue if the warning persists. To disable these warnings, set -Dmaven.project.sourceRoots.warningsDisabled=true on the command line, in the .mvn/maven.config file, or in project POM properties.
2026-06-16 14:52:47,452 [Worker-40: Building] INFO  o.a.m.s.f.DefaultMavenResourcesFiltering - Copying 0 resource from src\main\resources to target\classes
2026-06-16 14:52:47,453 [Worker-40: Building] INFO  o.a.m.s.f.DefaultMavenResourcesFiltering - Copying 0 resource from src\main\resources to target\classes
2026-06-16 14:52:47,456 [Worker-40: Building] INFO  o.a.m.s.f.DefaultMavenResourcesFiltering - skip non existing resourceDirectory C:\Eclipse_Projects\Spring_JPA_H2_RestAPI\ramesh_Spring_JPA_REST_H2_Project\src\test\resources
2026-06-16 14:52:47,457 [Worker-40: Building] WARN  o.apache.maven.project.MavenProject - Direct modification of compileSourceRoots through clear() is deprecated and will not work in Maven 4.0.0. Please use the add/remove methods instead. If you're using a plugin that causes this warning, please upgrade to the latest version and report an issue if the warning persists. To disable these warnings, set -Dmaven.project.sourceRoots.warningsDisabled=true on the command line, in the .mvn/maven.config file, or in project POM properties.
2026-06-16 14:52:47,458 [Worker-40: Building] WARN  o.apache.maven.project.MavenProject - Direct modification of compileSourceRoots through add() is deprecated and will not work in Maven 4.0.0. Please use the add/remove methods instead. If you're using a plugin that causes this warning, please upgrade to the latest version and report an issue if the warning persists. To disable these warnings, set -Dmaven.project.sourceRoots.warningsDisabled=true on the command line, in the .mvn/maven.config file, or in project POM properties.
2026-06-16 14:52:47,460 [Worker-40: Building] WARN  o.apache.maven.project.MavenProject - Direct modification of testCompileSourceRoots through clear() is deprecated and will not work in Maven 4.0.0. Please use the add/remove methods instead. If you're using a plugin that causes this warning, please upgrade to the latest version and report an issue if the warning persists. To disable these warnings, set -Dmaven.project.sourceRoots.warningsDisabled=true on the command line, in the .mvn/maven.config file, or in project POM properties.
2026-06-16 14:52:47,461 [Worker-40: Building] WARN  o.apache.maven.project.MavenProject - Direct modification of testCompileSourceRoots through add() is deprecated and will not work in Maven 4.0.0. Please use the add/remove methods instead. If you're using a plugin that causes this warning, please upgrade to the latest version and report an issue if the warning persists. To disable these warnings, set -Dmaven.project.sourceRoots.warningsDisabled=true on the command line, in the .mvn/maven.config file, or in project POM properties.
2026-06-16 14:53:30,122 [Worker-39: Building] INFO  o.a.m.s.f.DefaultMavenResourcesFiltering - Copying 0 resource from src\main\resources to target\classes
2026-06-16 14:53:30,124 [Worker-39: Building] INFO  o.a.m.s.f.DefaultMavenResourcesFiltering - Copying 0 resource from src\main\resources to target\classes
2026-06-16 14:53:30,128 [Worker-39: Building] INFO  o.a.m.s.f.DefaultMavenResourcesFiltering - skip non existing resourceDirectory C:\Eclipse_Projects\Spring_JPA_H2_RestAPI\ramesh_Spring_JPA_REST_H2_Project\src\test\resources
2026-06-16 14:53:30,129 [Worker-39: Building] WARN  o.apache.maven.project.MavenProject - Direct modification of compileSourceRoots through clear() is deprecated and will not work in Maven 4.0.0. Please use the add/remove methods instead. If you're using a plugin that causes this warning, please upgrade to the latest version and report an issue if the warning persists. To disable these warnings, set -Dmaven.project.sourceRoots.warningsDisabled=true on the command line, in the .mvn/maven.config file, or in project POM properties.
2026-06-16 14:53:30,130 [Worker-39: Building] WARN  o.apache.maven.project.MavenProject - Direct modification of compileSourceRoots through add() is deprecated and will not work in Maven 4.0.0. Please use the add/remove methods instead. If you're using a plugin that causes this warning, please upgrade to the latest version and report an issue if the warning persists. To disable these warnings, set -Dmaven.project.sourceRoots.warningsDisabled=true on the command line, in the .mvn/maven.config file, or in project POM properties.
2026-06-16 14:53:30,130 [Worker-39: Building] WARN  o.apache.maven.project.MavenProject - Direct modification of testCompileSourceRoots through clear() is deprecated and will not work in Maven 4.0.0. Please use the add/remove methods instead. If you're using a plugin that causes this warning, please upgrade to the latest version and report an issue if the warning persists. To disable these warnings, set -Dmaven.project.sourceRoots.warningsDisabled=true on the command line, in the .mvn/maven.config file, or in project POM properties.
2026-06-16 14:53:30,131 [Worker-39: Building] WARN  o.apache.maven.project.MavenProject - Direct modification of testCompileSourceRoots through add() is deprecated and will not work in Maven 4.0.0. Please use the add/remove methods instead. If you're using a plugin that causes this warning, please upgrade to the latest version and report an issue if the warning persists. To disable these warnings, set -Dmaven.project.sourceRoots.warningsDisabled=true on the command line, in the .mvn/maven.config file, or in project POM properties.
2026-06-16 14:53:49,561 [Worker-37: Building] INFO  o.a.m.s.f.DefaultMavenResourcesFiltering - Copying 0 resource from src\main\resources to target\classes
2026-06-16 14:53:49,564 [Worker-37: Building] INFO  o.a.m.s.f.DefaultMavenResourcesFiltering - Copying 0 resource from src\main\resources to target\classes
2026-06-16 14:53:49,572 [Worker-37: Building] INFO  o.a.m.s.f.DefaultMavenResourcesFiltering - skip non existing resourceDirectory C:\Eclipse_Projects\Spring_JPA_H2_RestAPI\ramesh_Spring_JPA_REST_H2_Project\src\test\resources
2026-06-16 14:53:49,573 [Worker-37: Building] WARN  o.apache.maven.project.MavenProject - Direct modification of compileSourceRoots through clear() is deprecated and will not work in Maven 4.0.0. Please use the add/remove methods instead. If you're using a plugin that causes this warning, please upgrade to the latest version and report an issue if the warning persists. To disable these warnings, set -Dmaven.project.sourceRoots.warningsDisabled=true on the command line, in the .mvn/maven.config file, or in project POM properties.
2026-06-16 14:53:49,574 [Worker-37: Building] WARN  o.apache.maven.project.MavenProject - Direct modification of compileSourceRoots through add() is deprecated and will not work in Maven 4.0.0. Please use the add/remove methods instead. If you're using a plugin that causes this warning, please upgrade to the latest version and report an issue if the warning persists. To disable these warnings, set -Dmaven.project.sourceRoots.warningsDisabled=true on the command line, in the .mvn/maven.config file, or in project POM properties.
2026-06-16 14:53:49,574 [Worker-37: Building] WARN  o.apache.maven.project.MavenProject - Direct modification of testCompileSourceRoots through clear() is deprecated and will not work in Maven 4.0.0. Please use the add/remove methods instead. If you're using a plugin that causes this warning, please upgrade to the latest version and report an issue if the warning persists. To disable these warnings, set -Dmaven.project.sourceRoots.warningsDisabled=true on the command line, in the .mvn/maven.config file, or in project POM properties.
2026-06-16 14:53:49,575 [Worker-37: Building] WARN  o.apache.maven.project.MavenProject - Direct modification of testCompileSourceRoots through add() is deprecated and will not work in Maven 4.0.0. Please use the add/remove methods instead. If you're using a plugin that causes this warning, please upgrade to the latest version and report an issue if the warning persists. To disable these warnings, set -Dmaven.project.sourceRoots.warningsDisabled=true on the command line, in the .mvn/maven.config file, or in project POM properties.
2026-06-16 14:54:23,797 [Worker-40: Building] INFO  o.a.m.s.f.DefaultMavenResourcesFiltering - Copying 0 resource from src\main\resources to target\classes
2026-06-16 14:54:23,799 [Worker-40: Building] INFO  o.a.m.s.f.DefaultMavenResourcesFiltering - Copying 0 resource from src\main\resources to target\classes
2026-06-16 14:54:23,803 [Worker-40: Building] INFO  o.a.m.s.f.DefaultMavenResourcesFiltering - skip non existing resourceDirectory C:\Eclipse_Projects\Spring_JPA_H2_RestAPI\ramesh_Spring_JPA_REST_H2_Project\src\test\resources
2026-06-16 14:54:23,804 [Worker-40: Building] WARN  o.apache.maven.project.MavenProject - Direct modification of compileSourceRoots through clear() is deprecated and will not work in Maven 4.0.0. Please use the add/remove methods instead. If you're using a plugin that causes this warning, please upgrade to the latest version and report an issue if the warning persists. To disable these warnings, set -Dmaven.project.sourceRoots.warningsDisabled=true on the command line, in the .mvn/maven.config file, or in project POM properties.
2026-06-16 14:54:23,805 [Worker-40: Building] WARN  o.apache.maven.project.MavenProject - Direct modification of compileSourceRoots through add() is deprecated and will not work in Maven 4.0.0. Please use the add/remove methods instead. If you're using a plugin that causes this warning, please upgrade to the latest version and report an issue if the warning persists. To disable these warnings, set -Dmaven.project.sourceRoots.warningsDisabled=true on the command line, in the .mvn/maven.config file, or in project POM properties.
2026-06-16 14:54:23,806 [Worker-40: Building] WARN  o.apache.maven.project.MavenProject - Direct modification of testCompileSourceRoots through clear() is deprecated and will not work in Maven 4.0.0. Please use the add/remove methods instead. If you're using a plugin that causes this warning, please upgrade to the latest version and report an issue if the warning persists. To disable these warnings, set -Dmaven.project.sourceRoots.warningsDisabled=true on the command line, in the .mvn/maven.config file, or in project POM properties.
2026-06-16 14:54:23,807 [Worker-40: Building] WARN  o.apache.maven.project.MavenProject - Direct modification of testCompileSourceRoots through add() is deprecated and will not work in Maven 4.0.0. Please use the add/remove methods instead. If you're using a plugin that causes this warning, please upgrade to the latest version and report an issue if the warning persists. To disable these warnings, set -Dmaven.project.sourceRoots.warningsDisabled=true on the command line, in the .mvn/maven.config file, or in project POM properties.
2026-06-16 14:54:37,314 [Worker-40: Building] INFO  o.a.m.s.f.DefaultMavenResourcesFiltering - Copying 0 resource from src\main\resources to target\classes
2026-06-16 14:54:37,317 [Worker-40: Building] INFO  o.a.m.s.f.DefaultMavenResourcesFiltering - Copying 0 resource from src\main\resources to target\classes
2026-06-16 14:54:37,320 [Worker-40: Building] INFO  o.a.m.s.f.DefaultMavenResourcesFiltering - skip non existing resourceDirectory C:\Eclipse_Projects\Spring_JPA_H2_RestAPI\ramesh_Spring_JPA_REST_H2_Project\src\test\resources
2026-06-16 14:54:37,321 [Worker-40: Building] WARN  o.apache.maven.project.MavenProject - Direct modification of compileSourceRoots through clear() is deprecated and will not work in Maven 4.0.0. Please use the add/remove methods instead. If you're using a plugin that causes this warning, please upgrade to the latest version and report an issue if the warning persists. To disable these warnings, set -Dmaven.project.sourceRoots.warningsDisabled=true on the command line, in the .mvn/maven.config file, or in project POM properties.
2026-06-16 14:54:37,321 [Worker-40: Building] WARN  o.apache.maven.project.MavenProject - Direct modification of compileSourceRoots through add() is deprecated and will not work in Maven 4.0.0. Please use the add/remove methods instead. If you're using a plugin that causes this warning, please upgrade to the latest version and report an issue if the warning persists. To disable these warnings, set -Dmaven.project.sourceRoots.warningsDisabled=true on the command line, in the .mvn/maven.config file, or in project POM properties.
2026-06-16 14:54:37,322 [Worker-40: Building] WARN  o.apache.maven.project.MavenProject - Direct modification of testCompileSourceRoots through clear() is deprecated and will not work in Maven 4.0.0. Please use the add/remove methods instead. If you're using a plugin that causes this warning, please upgrade to the latest version and report an issue if the warning persists. To disable these warnings, set -Dmaven.project.sourceRoots.warningsDisabled=true on the command line, in the .mvn/maven.config file, or in project POM properties.
2026-06-16 14:54:37,322 [Worker-40: Building] WARN  o.apache.maven.project.MavenProject - Direct modification of testCompileSourceRoots through add() is deprecated and will not work in Maven 4.0.0. Please use the add/remove methods instead. If you're using a plugin that causes this warning, please upgrade to the latest version and report an issue if the warning persists. To disable these warnings, set -Dmaven.project.sourceRoots.warningsDisabled=true on the command line, in the .mvn/maven.config file, or in project POM properties.
2026-06-16 15:01:44,932 [Worker-44: Building] INFO  o.e.m.c.i.l.LifecycleMappingFactory - Using org.eclipse.m2e.jdt.JarLifecycleMapping lifecycle mapping for MavenProject: com.example:ramesh_Spring_JPA_REST_H2_Project:0.0.1-SNAPSHOT @ C:\Eclipse_Projects\Spring_JPA_H2_RestAPI\ramesh_Spring_JPA_REST_H2_Project\pom.xml.
2026-06-16 15:01:46,101 [Worker-44: Building] INFO  o.e.m.c.i.e.AbstractTransferListenerAdapter - Downloading https://repo.maven.apache.org/maven2/org/projectlombok/lombok/1.18.46/lombok-1.18.46.pom
2026-06-16 15:01:46,132 [Worker-44: Building] INFO  o.e.m.c.i.e.AbstractTransferListenerAdapter - Downloaded https://repo.maven.apache.org/maven2/org/projectlombok/lombok/1.18.46/lombok-1.18.46.pom
2026-06-16 15:01:46,460 [Worker-44: Building] INFO  o.e.m.c.i.e.AbstractTransferListenerAdapter - Downloading https://repo.maven.apache.org/maven2/org/projectlombok/lombok/1.18.46/lombok-1.18.46.jar
2026-06-16 15:01:46,823 [Worker-44: Building] INFO  o.e.m.c.i.e.AbstractTransferListenerAdapter - Downloaded https://repo.maven.apache.org/maven2/org/projectlombok/lombok/1.18.46/lombok-1.18.46.jar
2026-06-16 15:01:47,418 [Worker-44: Building] INFO  o.a.m.s.f.DefaultMavenResourcesFiltering - Copying 0 resource from src\main\resources to target\classes
2026-06-16 15:01:47,419 [Worker-44: Building] INFO  o.a.m.s.f.DefaultMavenResourcesFiltering - Copying 0 resource from src\main\resources to target\classes
2026-06-16 15:01:47,433 [Worker-44: Building] INFO  o.a.m.s.f.DefaultMavenResourcesFiltering - skip non existing resourceDirectory C:\Eclipse_Projects\Spring_JPA_H2_RestAPI\ramesh_Spring_JPA_REST_H2_Project\src\test\resources
2026-06-16 15:01:47,455 [Worker-44: Building] WARN  o.apache.maven.project.MavenProject - Direct modification of compileSourceRoots through clear() is deprecated and will not work in Maven 4.0.0. Please use the add/remove methods instead. If you're using a plugin that causes this warning, please upgrade to the latest version and report an issue if the warning persists. To disable these warnings, set -Dmaven.project.sourceRoots.warningsDisabled=true on the command line, in the .mvn/maven.config file, or in project POM properties.
2026-06-16 15:01:47,456 [Worker-44: Building] WARN  o.apache.maven.project.MavenProject - Direct modification of compileSourceRoots through add() is deprecated and will not work in Maven 4.0.0. Please use the add/remove methods instead. If you're using a plugin that causes this warning, please upgrade to the latest version and report an issue if the warning persists. To disable these warnings, set -Dmaven.project.sourceRoots.warningsDisabled=true on the command line, in the .mvn/maven.config file, or in project POM properties.
2026-06-16 15:01:47,457 [Worker-44: Building] WARN  o.apache.maven.project.MavenProject - Direct modification of testCompileSourceRoots through clear() is deprecated and will not work in Maven 4.0.0. Please use the add/remove methods instead. If you're using a plugin that causes this warning, please upgrade to the latest version and report an issue if the warning persists. To disable these warnings, set -Dmaven.project.sourceRoots.warningsDisabled=true on the command line, in the .mvn/maven.config file, or in project POM properties.
2026-06-16 15:01:47,465 [Worker-44: Building] WARN  o.apache.maven.project.MavenProject - Direct modification of testCompileSourceRoots through add() is deprecated and will not work in Maven 4.0.0. Please use the add/remove methods instead. If you're using a plugin that causes this warning, please upgrade to the latest version and report an issue if the warning persists. To disable these warnings, set -Dmaven.project.sourceRoots.warningsDisabled=true on the command line, in the .mvn/maven.config file, or in project POM properties.
2026-06-16 15:01:48,309 [Worker-42: Download sources and javadoc] INFO  o.e.m.c.i.e.AbstractTransferListenerAdapter - Downloading https://repo.maven.apache.org/maven2/org/projectlombok/lombok/1.18.46/lombok-1.18.46-sources.jar
2026-06-16 15:01:48,531 [Worker-42: Download sources and javadoc] INFO  o.e.m.c.i.e.AbstractTransferListenerAdapter - Downloaded https://repo.maven.apache.org/maven2/org/projectlombok/lombok/1.18.46/lombok-1.18.46-sources.jar
2026-06-16 15:01:48,549 [Worker-42: Download sources and javadoc] INFO  o.e.m.j.internal.DownloadSourcesJob - Downloaded sources for org.projectlombok:lombok:1.18.46
2026-06-16 15:01:49,323 [Worker-44: Building] INFO  o.a.m.s.f.DefaultMavenResourcesFiltering - Copying 1 resource from src\main\resources to target\classes
2026-06-16 15:01:49,360 [Worker-44: Building] INFO  o.a.m.s.f.DefaultMavenResourcesFiltering - Copying 0 resource from src\main\resources to target\classes
2026-06-16 15:01:49,367 [Worker-44: Building] INFO  o.a.m.s.f.DefaultMavenResourcesFiltering - skip non existing resourceDirectory C:\Eclipse_Projects\Spring_JPA_H2_RestAPI\ramesh_Spring_JPA_REST_H2_Project\src\test\resources
2026-06-16 15:01:49,402 [Worker-44: Building] WARN  o.apache.maven.project.MavenProject - Direct modification of compileSourceRoots through clear() is deprecated and will not work in Maven 4.0.0. Please use the add/remove methods instead. If you're using a plugin that causes this warning, please upgrade to the latest version and report an issue if the warning persists. To disable these warnings, set -Dmaven.project.sourceRoots.warningsDisabled=true on the command line, in the .mvn/maven.config file, or in project POM properties.
2026-06-16 15:01:49,404 [Worker-44: Building] WARN  o.apache.maven.project.MavenProject - Direct modification of compileSourceRoots through add() is deprecated and will not work in Maven 4.0.0. Please use the add/remove methods instead. If you're using a plugin that causes this warning, please upgrade to the latest version and report an issue if the warning persists. To disable these warnings, set -Dmaven.project.sourceRoots.warningsDisabled=true on the command line, in the .mvn/maven.config file, or in project POM properties.
2026-06-16 15:01:49,405 [Worker-44: Building] WARN  o.apache.maven.project.MavenProject - Direct modification of testCompileSourceRoots through clear() is deprecated and will not work in Maven 4.0.0. Please use the add/remove methods instead. If you're using a plugin that causes this warning, please upgrade to the latest version and report an issue if the warning persists. To disable these warnings, set -Dmaven.project.sourceRoots.warningsDisabled=true on the command line, in the .mvn/maven.config file, or in project POM properties.
2026-06-16 15:01:49,406 [Worker-44: Building] WARN  o.apache.maven.project.MavenProject - Direct modification of testCompileSourceRoots through add() is deprecated and will not work in Maven 4.0.0. Please use the add/remove methods instead. If you're using a plugin that causes this warning, please upgrade to the latest version and report an issue if the warning persists. To disable these warnings, set -Dmaven.project.sourceRoots.warningsDisabled=true on the command line, in the .mvn/maven.config file, or in project POM properties.
2026-06-16 15:02:11,648 [Worker-45: Building] INFO  o.a.m.s.f.DefaultMavenResourcesFiltering - Copying 0 resource from src\main\resources to target\classes
2026-06-16 15:02:11,649 [Worker-45: Building] INFO  o.a.m.s.f.DefaultMavenResourcesFiltering - Copying 0 resource from src\main\resources to target\classes
2026-06-16 15:02:11,652 [Worker-45: Building] INFO  o.a.m.s.f.DefaultMavenResourcesFiltering - skip non existing resourceDirectory C:\Eclipse_Projects\Spring_JPA_H2_RestAPI\ramesh_Spring_JPA_REST_H2_Project\src\test\resources
2026-06-16 15:02:11,652 [Worker-45: Building] WARN  o.apache.maven.project.MavenProject - Direct modification of compileSourceRoots through clear() is deprecated and will not work in Maven 4.0.0. Please use the add/remove methods instead. If you're using a plugin that causes this warning, please upgrade to the latest version and report an issue if the warning persists. To disable these warnings, set -Dmaven.project.sourceRoots.warningsDisabled=true on the command line, in the .mvn/maven.config file, or in project POM properties.
2026-06-16 15:02:11,654 [Worker-45: Building] WARN  o.apache.maven.project.MavenProject - Direct modification of compileSourceRoots through add() is deprecated and will not work in Maven 4.0.0. Please use the add/remove methods instead. If you're using a plugin that causes this warning, please upgrade to the latest version and report an issue if the warning persists. To disable these warnings, set -Dmaven.project.sourceRoots.warningsDisabled=true on the command line, in the .mvn/maven.config file, or in project POM properties.
2026-06-16 15:02:11,655 [Worker-45: Building] WARN  o.apache.maven.project.MavenProject - Direct modification of testCompileSourceRoots through clear() is deprecated and will not work in Maven 4.0.0. Please use the add/remove methods instead. If you're using a plugin that causes this warning, please upgrade to the latest version and report an issue if the warning persists. To disable these warnings, set -Dmaven.project.sourceRoots.warningsDisabled=true on the command line, in the .mvn/maven.config file, or in project POM properties.
2026-06-16 15:02:11,655 [Worker-45: Building] WARN  o.apache.maven.project.MavenProject - Direct modification of testCompileSourceRoots through add() is deprecated and will not work in Maven 4.0.0. Please use the add/remove methods instead. If you're using a plugin that causes this warning, please upgrade to the latest version and report an issue if the warning persists. To disable these warnings, set -Dmaven.project.sourceRoots.warningsDisabled=true on the command line, in the .mvn/maven.config file, or in project POM properties.
2026-06-16 15:02:43,215 [Worker-45: Building] INFO  o.a.m.s.f.DefaultMavenResourcesFiltering - Copying 1 resource from src\main\resources to target\classes
2026-06-16 15:02:43,218 [Worker-45: Building] INFO  o.a.m.s.f.DefaultMavenResourcesFiltering - Copying 0 resource from src\main\resources to target\classes
2026-06-16 15:02:43,229 [Worker-45: Building] INFO  o.a.m.s.f.DefaultMavenResourcesFiltering - skip non existing resourceDirectory C:\Eclipse_Projects\Spring_JPA_H2_RestAPI\ramesh_Spring_JPA_REST_H2_Project\src\test\resources
2026-06-16 15:02:43,269 [Worker-45: Building] WARN  o.apache.maven.project.MavenProject - Direct modification of compileSourceRoots through clear() is deprecated and will not work in Maven 4.0.0. Please use the add/remove methods instead. If you're using a plugin that causes this warning, please upgrade to the latest version and report an issue if the warning persists. To disable these warnings, set -Dmaven.project.sourceRoots.warningsDisabled=true on the command line, in the .mvn/maven.config file, or in project POM properties.
2026-06-16 15:02:43,270 [Worker-45: Building] WARN  o.apache.maven.project.MavenProject - Direct modification of compileSourceRoots through add() is deprecated and will not work in Maven 4.0.0. Please use the add/remove methods instead. If you're using a plugin that causes this warning, please upgrade to the latest version and report an issue if the warning persists. To disable these warnings, set -Dmaven.project.sourceRoots.warningsDisabled=true on the command line, in the .mvn/maven.config file, or in project POM properties.
2026-06-16 15:02:43,273 [Worker-45: Building] WARN  o.apache.maven.project.MavenProject - Direct modification of testCompileSourceRoots through clear() is deprecated and will not work in Maven 4.0.0. Please use the add/remove methods instead. If you're using a plugin that causes this warning, please upgrade to the latest version and report an issue if the warning persists. To disable these warnings, set -Dmaven.project.sourceRoots.warningsDisabled=true on the command line, in the .mvn/maven.config file, or in project POM properties.
2026-06-16 15:02:43,275 [Worker-45: Building] WARN  o.apache.maven.project.MavenProject - Direct modification of testCompileSourceRoots through add() is deprecated and will not work in Maven 4.0.0. Please use the add/remove methods instead. If you're using a plugin that causes this warning, please upgrade to the latest version and report an issue if the warning persists. To disable these warnings, set -Dmaven.project.sourceRoots.warningsDisabled=true on the command line, in the .mvn/maven.config file, or in project POM properties.
2026-06-16 15:04:22,089 [Worker-39: Building] INFO  o.e.m.c.i.l.LifecycleMappingFactory - Using org.eclipse.m2e.jdt.JarLifecycleMapping lifecycle mapping for MavenProject: com.example:ramesh_Spring_JPA_REST_H2_Project:0.0.1-SNAPSHOT @ C:\Eclipse_Projects\Spring_JPA_H2_RestAPI\ramesh_Spring_JPA_REST_H2_Project\pom.xml.
2026-06-16 15:04:23,470 [Worker-39: Building] INFO  o.e.m.c.i.e.AbstractTransferListenerAdapter - Downloading https://repo.spring.io/snapshot/org/springframework/boot/spring-boot-starter-validation/4.1.1-SNAPSHOT/maven-metadata.xml
2026-06-16 15:04:23,515 [Worker-39: Building] INFO  o.e.m.c.i.e.AbstractTransferListenerAdapter - Downloaded https://repo.spring.io/snapshot/org/springframework/boot/spring-boot-starter-validation/4.1.1-SNAPSHOT/maven-metadata.xml
2026-06-16 15:04:23,581 [Worker-39: Building] INFO  o.e.m.c.i.e.AbstractTransferListenerAdapter - Downloading https://repo.spring.io/snapshot/org/springframework/boot/spring-boot-starter-validation/4.1.1-SNAPSHOT/spring-boot-starter-validation-4.1.1-20260615.142807-3.pom
2026-06-16 15:04:23,630 [Worker-39: Building] INFO  o.e.m.c.i.e.AbstractTransferListenerAdapter - Downloaded https://repo.spring.io/snapshot/org/springframework/boot/spring-boot-starter-validation/4.1.1-SNAPSHOT/spring-boot-starter-validation-4.1.1-20260615.142807-3.pom
2026-06-16 15:04:23,692 [Worker-39: Building] INFO  o.e.m.c.i.e.AbstractTransferListenerAdapter - Downloading https://repo.spring.io/snapshot/org/springframework/boot/spring-boot-validation/4.1.1-SNAPSHOT/maven-metadata.xml
2026-06-16 15:04:23,709 [Worker-39: Building] INFO  o.e.m.c.i.e.AbstractTransferListenerAdapter - Downloaded https://repo.spring.io/snapshot/org/springframework/boot/spring-boot-validation/4.1.1-SNAPSHOT/maven-metadata.xml
2026-06-16 15:04:23,782 [Worker-39: Building] INFO  o.e.m.c.i.e.AbstractTransferListenerAdapter - Downloading https://repo.spring.io/snapshot/org/springframework/boot/spring-boot-validation/4.1.1-SNAPSHOT/spring-boot-validation-4.1.1-20260615.142807-3.pom
2026-06-16 15:04:23,835 [Worker-39: Building] INFO  o.e.m.c.i.e.AbstractTransferListenerAdapter - Downloaded https://repo.spring.io/snapshot/org/springframework/boot/spring-boot-validation/4.1.1-SNAPSHOT/spring-boot-validation-4.1.1-20260615.142807-3.pom
2026-06-16 15:04:24,004 [Worker-39: Building] INFO  o.e.m.c.i.e.AbstractTransferListenerAdapter - Downloading https://repo.maven.apache.org/maven2/org/hibernate/validator/hibernate-validator/9.1.0.Final/hibernate-validator-9.1.0.Final.pom
2026-06-16 15:04:24,078 [Worker-39: Building] INFO  o.e.m.c.i.e.AbstractTransferListenerAdapter - Downloaded https://repo.maven.apache.org/maven2/org/hibernate/validator/hibernate-validator/9.1.0.Final/hibernate-validator-9.1.0.Final.pom
2026-06-16 15:04:24,142 [Worker-39: Building] INFO  o.e.m.c.i.e.AbstractTransferListenerAdapter - Downloading https://repo.maven.apache.org/maven2/jakarta/validation/jakarta.validation-api/3.1.1/jakarta.validation-api-3.1.1.pom
2026-06-16 15:04:24,212 [Worker-39: Building] INFO  o.e.m.c.i.e.AbstractTransferListenerAdapter - Downloaded https://repo.maven.apache.org/maven2/jakarta/validation/jakarta.validation-api/3.1.1/jakarta.validation-api-3.1.1.pom
2026-06-16 15:04:24,334 [Worker-39: Building] INFO  o.e.m.c.i.e.AbstractTransferListenerAdapter - Downloading https://repo.maven.apache.org/maven2/com/fasterxml/classmate/1.7.3/classmate-1.7.3.pom
2026-06-16 15:04:24,409 [Worker-39: Building] INFO  o.e.m.c.i.e.AbstractTransferListenerAdapter - Downloaded https://repo.maven.apache.org/maven2/com/fasterxml/classmate/1.7.3/classmate-1.7.3.pom
2026-06-16 15:04:24,477 [Worker-39: Building] INFO  o.e.m.c.i.e.AbstractTransferListenerAdapter - Downloading https://repo.maven.apache.org/maven2/com/fasterxml/oss-parent/74/oss-parent-74.pom
2026-06-16 15:04:24,553 [Worker-39: Building] INFO  o.e.m.c.i.e.AbstractTransferListenerAdapter - Downloaded https://repo.maven.apache.org/maven2/com/fasterxml/oss-parent/74/oss-parent-74.pom
2026-06-16 15:04:25,325 [Worker-39: Building] INFO  o.e.m.c.i.e.AbstractTransferListenerAdapter - Downloading https://repo.spring.io/snapshot/org/springframework/boot/spring-boot-starter-validation/4.1.1-SNAPSHOT/spring-boot-starter-validation-4.1.1-20260615.142807-3.jar
2026-06-16 15:04:25,437 [Worker-39: Building] INFO  o.e.m.c.i.e.AbstractTransferListenerAdapter - Downloaded https://repo.spring.io/snapshot/org/springframework/boot/spring-boot-starter-validation/4.1.1-SNAPSHOT/spring-boot-starter-validation-4.1.1-20260615.142807-3.jar
2026-06-16 15:04:25,473 [BasicRepositoryConnector-repo.spring.io-1-0] INFO  o.e.m.c.i.e.AbstractTransferListenerAdapter - Downloading https://repo.spring.io/snapshot/org/springframework/boot/spring-boot-validation/4.1.1-SNAPSHOT/spring-boot-validation-4.1.1-20260615.142807-3.jar
2026-06-16 15:04:25,905 [BasicRepositoryConnector-repo.spring.io-1-0] INFO  o.e.m.c.i.e.AbstractTransferListenerAdapter - Downloaded https://repo.spring.io/snapshot/org/springframework/boot/spring-boot-validation/4.1.1-SNAPSHOT/spring-boot-validation-4.1.1-20260615.142807-3.jar
2026-06-16 15:04:26,583 [Worker-39: Building] INFO  o.e.m.c.i.e.AbstractTransferListenerAdapter - Downloading https://repo.maven.apache.org/maven2/org/hibernate/validator/hibernate-validator/9.1.0.Final/hibernate-validator-9.1.0.Final.jar
2026-06-16 15:04:26,879 [Worker-39: Building] INFO  o.e.m.c.i.e.AbstractTransferListenerAdapter - Downloaded https://repo.maven.apache.org/maven2/org/hibernate/validator/hibernate-validator/9.1.0.Final/hibernate-validator-9.1.0.Final.jar
2026-06-16 15:04:26,930 [BasicRepositoryConnector-repo.maven.apache.org-2-1] INFO  o.e.m.c.i.e.AbstractTransferListenerAdapter - Downloading https://repo.maven.apache.org/maven2/com/fasterxml/classmate/1.7.3/classmate-1.7.3.jar
2026-06-16 15:04:27,006 [BasicRepositoryConnector-repo.maven.apache.org-2-0] INFO  o.e.m.c.i.e.AbstractTransferListenerAdapter - Downloading https://repo.maven.apache.org/maven2/jakarta/validation/jakarta.validation-api/3.1.1/jakarta.validation-api-3.1.1.jar
2026-06-16 15:04:27,045 [BasicRepositoryConnector-repo.maven.apache.org-2-1] INFO  o.e.m.c.i.e.AbstractTransferListenerAdapter - Downloaded https://repo.maven.apache.org/maven2/com/fasterxml/classmate/1.7.3/classmate-1.7.3.jar
2026-06-16 15:04:27,108 [BasicRepositoryConnector-repo.maven.apache.org-2-0] INFO  o.e.m.c.i.e.AbstractTransferListenerAdapter - Downloaded https://repo.maven.apache.org/maven2/jakarta/validation/jakarta.validation-api/3.1.1/jakarta.validation-api-3.1.1.jar
2026-06-16 15:04:28,740 [Worker-39: Building] INFO  o.a.m.s.f.DefaultMavenResourcesFiltering - Copying 0 resource from src\main\resources to target\classes
2026-06-16 15:04:28,742 [Worker-39: Building] INFO  o.a.m.s.f.DefaultMavenResourcesFiltering - Copying 0 resource from src\main\resources to target\classes
2026-06-16 15:04:28,751 [Worker-39: Building] INFO  o.a.m.s.f.DefaultMavenResourcesFiltering - skip non existing resourceDirectory C:\Eclipse_Projects\Spring_JPA_H2_RestAPI\ramesh_Spring_JPA_REST_H2_Project\src\test\resources
2026-06-16 15:04:29,375 [Worker-39: Building] WARN  o.apache.maven.project.MavenProject - Direct modification of compileSourceRoots through clear() is deprecated and will not work in Maven 4.0.0. Please use the add/remove methods instead. If you're using a plugin that causes this warning, please upgrade to the latest version and report an issue if the warning persists. To disable these warnings, set -Dmaven.project.sourceRoots.warningsDisabled=true on the command line, in the .mvn/maven.config file, or in project POM properties.
2026-06-16 15:04:29,377 [Worker-39: Building] WARN  o.apache.maven.project.MavenProject - Direct modification of compileSourceRoots through add() is deprecated and will not work in Maven 4.0.0. Please use the add/remove methods instead. If you're using a plugin that causes this warning, please upgrade to the latest version and report an issue if the warning persists. To disable these warnings, set -Dmaven.project.sourceRoots.warningsDisabled=true on the command line, in the .mvn/maven.config file, or in project POM properties.
2026-06-16 15:04:29,378 [Worker-39: Building] WARN  o.apache.maven.project.MavenProject - Direct modification of testCompileSourceRoots through clear() is deprecated and will not work in Maven 4.0.0. Please use the add/remove methods instead. If you're using a plugin that causes this warning, please upgrade to the latest version and report an issue if the warning persists. To disable these warnings, set -Dmaven.project.sourceRoots.warningsDisabled=true on the command line, in the .mvn/maven.config file, or in project POM properties.
2026-06-16 15:04:29,383 [Worker-39: Building] WARN  o.apache.maven.project.MavenProject - Direct modification of testCompileSourceRoots through add() is deprecated and will not work in Maven 4.0.0. Please use the add/remove methods instead. If you're using a plugin that causes this warning, please upgrade to the latest version and report an issue if the warning persists. To disable these warnings, set -Dmaven.project.sourceRoots.warningsDisabled=true on the command line, in the .mvn/maven.config file, or in project POM properties.
2026-06-16 15:04:29,460 [Worker-45: Download sources and javadoc] INFO  o.e.m.c.i.e.AbstractTransferListenerAdapter - Downloading https://repo.spring.io/snapshot/org/springframework/boot/spring-boot-starter-validation/4.1.1-SNAPSHOT/spring-boot-starter-validation-4.1.1-20260615.142807-3-sources.jar
2026-06-16 15:04:29,536 [Worker-45: Download sources and javadoc] INFO  o.e.m.c.i.e.AbstractTransferListenerAdapter - Downloaded https://repo.spring.io/snapshot/org/springframework/boot/spring-boot-starter-validation/4.1.1-SNAPSHOT/spring-boot-starter-validation-4.1.1-20260615.142807-3-sources.jar
2026-06-16 15:04:29,573 [Worker-45: Download sources and javadoc] INFO  o.e.m.j.internal.DownloadSourcesJob - Downloaded sources for org.springframework.boot:spring-boot-starter-validation:4.1.1-SNAPSHOT
2026-06-16 15:04:29,759 [Worker-45: Download sources and javadoc] INFO  o.e.m.c.i.e.AbstractTransferListenerAdapter - Downloading https://repo.spring.io/snapshot/org/springframework/boot/spring-boot-validation/4.1.1-SNAPSHOT/spring-boot-validation-4.1.1-20260615.142807-3-sources.jar
2026-06-16 15:04:30,215 [Worker-45: Download sources and javadoc] INFO  o.e.m.c.i.e.AbstractTransferListenerAdapter - Downloaded https://repo.spring.io/snapshot/org/springframework/boot/spring-boot-validation/4.1.1-SNAPSHOT/spring-boot-validation-4.1.1-20260615.142807-3-sources.jar
2026-06-16 15:04:30,795 [Worker-47: Building] INFO  o.a.m.s.f.DefaultMavenResourcesFiltering - Copying 1 resource from src\main\resources to target\classes
2026-06-16 15:04:30,825 [Worker-47: Building] INFO  o.a.m.s.f.DefaultMavenResourcesFiltering - Copying 0 resource from src\main\resources to target\classes
2026-06-16 15:04:30,840 [Worker-47: Building] INFO  o.a.m.s.f.DefaultMavenResourcesFiltering - skip non existing resourceDirectory C:\Eclipse_Projects\Spring_JPA_H2_RestAPI\ramesh_Spring_JPA_REST_H2_Project\src\test\resources
2026-06-16 15:04:30,869 [Worker-45: Download sources and javadoc] INFO  o.e.m.j.internal.DownloadSourcesJob - Downloaded sources for org.springframework.boot:spring-boot-validation:4.1.1-SNAPSHOT
2026-06-16 15:04:30,887 [Worker-47: Building] WARN  o.apache.maven.project.MavenProject - Direct modification of compileSourceRoots through clear() is deprecated and will not work in Maven 4.0.0. Please use the add/remove methods instead. If you're using a plugin that causes this warning, please upgrade to the latest version and report an issue if the warning persists. To disable these warnings, set -Dmaven.project.sourceRoots.warningsDisabled=true on the command line, in the .mvn/maven.config file, or in project POM properties.
2026-06-16 15:04:30,889 [Worker-47: Building] WARN  o.apache.maven.project.MavenProject - Direct modification of compileSourceRoots through add() is deprecated and will not work in Maven 4.0.0. Please use the add/remove methods instead. If you're using a plugin that causes this warning, please upgrade to the latest version and report an issue if the warning persists. To disable these warnings, set -Dmaven.project.sourceRoots.warningsDisabled=true on the command line, in the .mvn/maven.config file, or in project POM properties.
2026-06-16 15:04:30,902 [Worker-47: Building] WARN  o.apache.maven.project.MavenProject - Direct modification of testCompileSourceRoots through clear() is deprecated and will not work in Maven 4.0.0. Please use the add/remove methods instead. If you're using a plugin that causes this warning, please upgrade to the latest version and report an issue if the warning persists. To disable these warnings, set -Dmaven.project.sourceRoots.warningsDisabled=true on the command line, in the .mvn/maven.config file, or in project POM properties.
2026-06-16 15:04:30,904 [Worker-47: Building] WARN  o.apache.maven.project.MavenProject - Direct modification of testCompileSourceRoots through add() is deprecated and will not work in Maven 4.0.0. Please use the add/remove methods instead. If you're using a plugin that causes this warning, please upgrade to the latest version and report an issue if the warning persists. To disable these warnings, set -Dmaven.project.sourceRoots.warningsDisabled=true on the command line, in the .mvn/maven.config file, or in project POM properties.
2026-06-16 15:04:30,991 [Worker-45: Download sources and javadoc] INFO  o.e.m.c.i.e.AbstractTransferListenerAdapter - Downloading https://repo.maven.apache.org/maven2/org/hibernate/validator/hibernate-validator/9.1.0.Final/hibernate-validator-9.1.0.Final-sources.jar
2026-06-16 15:04:31,262 [Worker-45: Download sources and javadoc] INFO  o.e.m.c.i.e.AbstractTransferListenerAdapter - Downloaded https://repo.maven.apache.org/maven2/org/hibernate/validator/hibernate-validator/9.1.0.Final/hibernate-validator-9.1.0.Final-sources.jar
2026-06-16 15:04:31,271 [Worker-45: Download sources and javadoc] INFO  o.e.m.j.internal.DownloadSourcesJob - Downloaded sources for org.hibernate.validator:hibernate-validator:9.1.0.Final
2026-06-16 15:04:31,383 [Worker-45: Download sources and javadoc] INFO  o.e.m.c.i.e.AbstractTransferListenerAdapter - Downloading https://repo.maven.apache.org/maven2/jakarta/validation/jakarta.validation-api/3.1.1/jakarta.validation-api-3.1.1-sources.jar
2026-06-16 15:04:31,479 [Worker-45: Download sources and javadoc] INFO  o.e.m.c.i.e.AbstractTransferListenerAdapter - Downloaded https://repo.maven.apache.org/maven2/jakarta/validation/jakarta.validation-api/3.1.1/jakarta.validation-api-3.1.1-sources.jar
2026-06-16 15:04:31,488 [Worker-45: Download sources and javadoc] INFO  o.e.m.j.internal.DownloadSourcesJob - Downloaded sources for jakarta.validation:jakarta.validation-api:3.1.1
2026-06-16 15:04:31,627 [Worker-45: Download sources and javadoc] INFO  o.e.m.c.i.e.AbstractTransferListenerAdapter - Downloading https://repo.maven.apache.org/maven2/com/fasterxml/classmate/1.7.3/classmate-1.7.3-sources.jar
2026-06-16 15:04:31,697 [Worker-45: Download sources and javadoc] INFO  o.e.m.c.i.e.AbstractTransferListenerAdapter - Downloaded https://repo.maven.apache.org/maven2/com/fasterxml/classmate/1.7.3/classmate-1.7.3-sources.jar
2026-06-16 15:04:31,706 [Worker-45: Download sources and javadoc] INFO  o.e.m.j.internal.DownloadSourcesJob - Downloaded sources for com.fasterxml:classmate:1.7.3
2026-06-16 15:05:27,814 [Worker-46: Building] INFO  o.a.m.s.f.DefaultMavenResourcesFiltering - Copying 0 resource from src\main\resources to target\classes
2026-06-16 15:05:27,815 [Worker-46: Building] INFO  o.a.m.s.f.DefaultMavenResourcesFiltering - Copying 0 resource from src\main\resources to target\classes
2026-06-16 15:05:27,818 [Worker-46: Building] INFO  o.a.m.s.f.DefaultMavenResourcesFiltering - skip non existing resourceDirectory C:\Eclipse_Projects\Spring_JPA_H2_RestAPI\ramesh_Spring_JPA_REST_H2_Project\src\test\resources
2026-06-16 15:05:27,819 [Worker-46: Building] WARN  o.apache.maven.project.MavenProject - Direct modification of compileSourceRoots through clear() is deprecated and will not work in Maven 4.0.0. Please use the add/remove methods instead. If you're using a plugin that causes this warning, please upgrade to the latest version and report an issue if the warning persists. To disable these warnings, set -Dmaven.project.sourceRoots.warningsDisabled=true on the command line, in the .mvn/maven.config file, or in project POM properties.
2026-06-16 15:05:27,819 [Worker-46: Building] WARN  o.apache.maven.project.MavenProject - Direct modification of compileSourceRoots through add() is deprecated and will not work in Maven 4.0.0. Please use the add/remove methods instead. If you're using a plugin that causes this warning, please upgrade to the latest version and report an issue if the warning persists. To disable these warnings, set -Dmaven.project.sourceRoots.warningsDisabled=true on the command line, in the .mvn/maven.config file, or in project POM properties.
2026-06-16 15:05:27,820 [Worker-46: Building] WARN  o.apache.maven.project.MavenProject - Direct modification of testCompileSourceRoots through clear() is deprecated and will not work in Maven 4.0.0. Please use the add/remove methods instead. If you're using a plugin that causes this warning, please upgrade to the latest version and report an issue if the warning persists. To disable these warnings, set -Dmaven.project.sourceRoots.warningsDisabled=true on the command line, in the .mvn/maven.config file, or in project POM properties.
2026-06-16 15:05:27,820 [Worker-46: Building] WARN  o.apache.maven.project.MavenProject - Direct modification of testCompileSourceRoots through add() is deprecated and will not work in Maven 4.0.0. Please use the add/remove methods instead. If you're using a plugin that causes this warning, please upgrade to the latest version and report an issue if the warning persists. To disable these warnings, set -Dmaven.project.sourceRoots.warningsDisabled=true on the command line, in the .mvn/maven.config file, or in project POM properties.
2026-06-16 15:06:25,780 [Worker-48: Building] INFO  o.a.m.s.f.DefaultMavenResourcesFiltering - Copying 0 resource from src\main\resources to target\classes
2026-06-16 15:06:25,782 [Worker-48: Building] INFO  o.a.m.s.f.DefaultMavenResourcesFiltering - Copying 0 resource from src\main\resources to target\classes
2026-06-16 15:06:25,785 [Worker-48: Building] INFO  o.a.m.s.f.DefaultMavenResourcesFiltering - skip non existing resourceDirectory C:\Eclipse_Projects\Spring_JPA_H2_RestAPI\ramesh_Spring_JPA_REST_H2_Project\src\test\resources
2026-06-16 15:06:25,785 [Worker-48: Building] WARN  o.apache.maven.project.MavenProject - Direct modification of compileSourceRoots through clear() is deprecated and will not work in Maven 4.0.0. Please use the add/remove methods instead. If you're using a plugin that causes this warning, please upgrade to the latest version and report an issue if the warning persists. To disable these warnings, set -Dmaven.project.sourceRoots.warningsDisabled=true on the command line, in the .mvn/maven.config file, or in project POM properties.
2026-06-16 15:06:25,786 [Worker-48: Building] WARN  o.apache.maven.project.MavenProject - Direct modification of compileSourceRoots through add() is deprecated and will not work in Maven 4.0.0. Please use the add/remove methods instead. If you're using a plugin that causes this warning, please upgrade to the latest version and report an issue if the warning persists. To disable these warnings, set -Dmaven.project.sourceRoots.warningsDisabled=true on the command line, in the .mvn/maven.config file, or in project POM properties.
2026-06-16 15:06:25,788 [Worker-48: Building] WARN  o.apache.maven.project.MavenProject - Direct modification of testCompileSourceRoots through clear() is deprecated and will not work in Maven 4.0.0. Please use the add/remove methods instead. If you're using a plugin that causes this warning, please upgrade to the latest version and report an issue if the warning persists. To disable these warnings, set -Dmaven.project.sourceRoots.warningsDisabled=true on the command line, in the .mvn/maven.config file, or in project POM properties.
2026-06-16 15:06:25,789 [Worker-48: Building] WARN  o.apache.maven.project.MavenProject - Direct modification of testCompileSourceRoots through add() is deprecated and will not work in Maven 4.0.0. Please use the add/remove methods instead. If you're using a plugin that causes this warning, please upgrade to the latest version and report an issue if the warning persists. To disable these warnings, set -Dmaven.project.sourceRoots.warningsDisabled=true on the command line, in the .mvn/maven.config file, or in project POM properties.
2026-06-16 15:06:39,510 [Worker-38: Building] INFO  o.a.m.s.f.DefaultMavenResourcesFiltering - Copying 0 resource from src\main\resources to target\classes
2026-06-16 15:06:39,513 [Worker-38: Building] INFO  o.a.m.s.f.DefaultMavenResourcesFiltering - Copying 0 resource from src\main\resources to target\classes
2026-06-16 15:06:39,516 [Worker-38: Building] INFO  o.a.m.s.f.DefaultMavenResourcesFiltering - skip non existing resourceDirectory C:\Eclipse_Projects\Spring_JPA_H2_RestAPI\ramesh_Spring_JPA_REST_H2_Project\src\test\resources
2026-06-16 15:06:39,517 [Worker-38: Building] WARN  o.apache.maven.project.MavenProject - Direct modification of compileSourceRoots through clear() is deprecated and will not work in Maven 4.0.0. Please use the add/remove methods instead. If you're using a plugin that causes this warning, please upgrade to the latest version and report an issue if the warning persists. To disable these warnings, set -Dmaven.project.sourceRoots.warningsDisabled=true on the command line, in the .mvn/maven.config file, or in project POM properties.
2026-06-16 15:06:39,519 [Worker-38: Building] WARN  o.apache.maven.project.MavenProject - Direct modification of compileSourceRoots through add() is deprecated and will not work in Maven 4.0.0. Please use the add/remove methods instead. If you're using a plugin that causes this warning, please upgrade to the latest version and report an issue if the warning persists. To disable these warnings, set -Dmaven.project.sourceRoots.warningsDisabled=true on the command line, in the .mvn/maven.config file, or in project POM properties.
2026-06-16 15:06:39,519 [Worker-38: Building] WARN  o.apache.maven.project.MavenProject - Direct modification of testCompileSourceRoots through clear() is deprecated and will not work in Maven 4.0.0. Please use the add/remove methods instead. If you're using a plugin that causes this warning, please upgrade to the latest version and report an issue if the warning persists. To disable these warnings, set -Dmaven.project.sourceRoots.warningsDisabled=true on the command line, in the .mvn/maven.config file, or in project POM properties.
2026-06-16 15:06:39,520 [Worker-38: Building] WARN  o.apache.maven.project.MavenProject - Direct modification of testCompileSourceRoots through add() is deprecated and will not work in Maven 4.0.0. Please use the add/remove methods instead. If you're using a plugin that causes this warning, please upgrade to the latest version and report an issue if the warning persists. To disable these warnings, set -Dmaven.project.sourceRoots.warningsDisabled=true on the command line, in the .mvn/maven.config file, or in project POM properties.
2026-06-16 15:06:57,784 [Worker-45: Building] INFO  o.a.m.s.f.DefaultMavenResourcesFiltering - Copying 0 resource from src\main\resources to target\classes
2026-06-16 15:06:57,786 [Worker-45: Building] INFO  o.a.m.s.f.DefaultMavenResourcesFiltering - Copying 0 resource from src\main\resources to target\classes
2026-06-16 15:06:57,789 [Worker-45: Building] INFO  o.a.m.s.f.DefaultMavenResourcesFiltering - skip non existing resourceDirectory C:\Eclipse_Projects\Spring_JPA_H2_RestAPI\ramesh_Spring_JPA_REST_H2_Project\src\test\resources
2026-06-16 15:06:57,790 [Worker-45: Building] WARN  o.apache.maven.project.MavenProject - Direct modification of compileSourceRoots through clear() is deprecated and will not work in Maven 4.0.0. Please use the add/remove methods instead. If you're using a plugin that causes this warning, please upgrade to the latest version and report an issue if the warning persists. To disable these warnings, set -Dmaven.project.sourceRoots.warningsDisabled=true on the command line, in the .mvn/maven.config file, or in project POM properties.
2026-06-16 15:06:57,791 [Worker-45: Building] WARN  o.apache.maven.project.MavenProject - Direct modification of compileSourceRoots through add() is deprecated and will not work in Maven 4.0.0. Please use the add/remove methods instead. If you're using a plugin that causes this warning, please upgrade to the latest version and report an issue if the warning persists. To disable these warnings, set -Dmaven.project.sourceRoots.warningsDisabled=true on the command line, in the .mvn/maven.config file, or in project POM properties.
2026-06-16 15:06:57,792 [Worker-45: Building] WARN  o.apache.maven.project.MavenProject - Direct modification of testCompileSourceRoots through clear() is deprecated and will not work in Maven 4.0.0. Please use the add/remove methods instead. If you're using a plugin that causes this warning, please upgrade to the latest version and report an issue if the warning persists. To disable these warnings, set -Dmaven.project.sourceRoots.warningsDisabled=true on the command line, in the .mvn/maven.config file, or in project POM properties.
2026-06-16 15:06:57,795 [Worker-45: Building] WARN  o.apache.maven.project.MavenProject - Direct modification of testCompileSourceRoots through add() is deprecated and will not work in Maven 4.0.0. Please use the add/remove methods instead. If you're using a plugin that causes this warning, please upgrade to the latest version and report an issue if the warning persists. To disable these warnings, set -Dmaven.project.sourceRoots.warningsDisabled=true on the command line, in the .mvn/maven.config file, or in project POM properties.
2026-06-16 15:09:40,326 [Worker-45: Building] INFO  o.a.m.s.f.DefaultMavenResourcesFiltering - Copying 0 resource from src\main\resources to target\classes
2026-06-16 15:09:40,328 [Worker-45: Building] INFO  o.a.m.s.f.DefaultMavenResourcesFiltering - Copying 0 resource from src\main\resources to target\classes
2026-06-16 15:09:40,331 [Worker-45: Building] INFO  o.a.m.s.f.DefaultMavenResourcesFiltering - skip non existing resourceDirectory C:\Eclipse_Projects\Spring_JPA_H2_RestAPI\ramesh_Spring_JPA_REST_H2_Project\src\test\resources
2026-06-16 15:09:40,331 [Worker-45: Building] WARN  o.apache.maven.project.MavenProject - Direct modification of compileSourceRoots through clear() is deprecated and will not work in Maven 4.0.0. Please use the add/remove methods instead. If you're using a plugin that causes this warning, please upgrade to the latest version and report an issue if the warning persists. To disable these warnings, set -Dmaven.project.sourceRoots.warningsDisabled=true on the command line, in the .mvn/maven.config file, or in project POM properties.
2026-06-16 15:09:40,332 [Worker-45: Building] WARN  o.apache.maven.project.MavenProject - Direct modification of compileSourceRoots through add() is deprecated and will not work in Maven 4.0.0. Please use the add/remove methods instead. If you're using a plugin that causes this warning, please upgrade to the latest version and report an issue if the warning persists. To disable these warnings, set -Dmaven.project.sourceRoots.warningsDisabled=true on the command line, in the .mvn/maven.config file, or in project POM properties.
2026-06-16 15:09:40,335 [Worker-45: Building] WARN  o.apache.maven.project.MavenProject - Direct modification of testCompileSourceRoots through clear() is deprecated and will not work in Maven 4.0.0. Please use the add/remove methods instead. If you're using a plugin that causes this warning, please upgrade to the latest version and report an issue if the warning persists. To disable these warnings, set -Dmaven.project.sourceRoots.warningsDisabled=true on the command line, in the .mvn/maven.config file, or in project POM properties.
2026-06-16 15:09:40,336 [Worker-45: Building] WARN  o.apache.maven.project.MavenProject - Direct modification of testCompileSourceRoots through add() is deprecated and will not work in Maven 4.0.0. Please use the add/remove methods instead. If you're using a plugin that causes this warning, please upgrade to the latest version and report an issue if the warning persists. To disable these warnings, set -Dmaven.project.sourceRoots.warningsDisabled=true on the command line, in the .mvn/maven.config file, or in project POM properties.
2026-06-16 15:10:20,210 [Worker-51: Building] INFO  o.a.m.s.f.DefaultMavenResourcesFiltering - Copying 0 resource from src\main\resources to target\classes
2026-06-16 15:10:20,212 [Worker-51: Building] INFO  o.a.m.s.f.DefaultMavenResourcesFiltering - Copying 0 resource from src\main\resources to target\classes
2026-06-16 15:10:20,216 [Worker-51: Building] INFO  o.a.m.s.f.DefaultMavenResourcesFiltering - skip non existing resourceDirectory C:\Eclipse_Projects\Spring_JPA_H2_RestAPI\ramesh_Spring_JPA_REST_H2_Project\src\test\resources
2026-06-16 15:10:20,217 [Worker-51: Building] WARN  o.apache.maven.project.MavenProject - Direct modification of compileSourceRoots through clear() is deprecated and will not work in Maven 4.0.0. Please use the add/remove methods instead. If you're using a plugin that causes this warning, please upgrade to the latest version and report an issue if the warning persists. To disable these warnings, set -Dmaven.project.sourceRoots.warningsDisabled=true on the command line, in the .mvn/maven.config file, or in project POM properties.
2026-06-16 15:10:20,219 [Worker-51: Building] WARN  o.apache.maven.project.MavenProject - Direct modification of compileSourceRoots through add() is deprecated and will not work in Maven 4.0.0. Please use the add/remove methods instead. If you're using a plugin that causes this warning, please upgrade to the latest version and report an issue if the warning persists. To disable these warnings, set -Dmaven.project.sourceRoots.warningsDisabled=true on the command line, in the .mvn/maven.config file, or in project POM properties.
2026-06-16 15:10:20,221 [Worker-51: Building] WARN  o.apache.maven.project.MavenProject - Direct modification of testCompileSourceRoots through clear() is deprecated and will not work in Maven 4.0.0. Please use the add/remove methods instead. If you're using a plugin that causes this warning, please upgrade to the latest version and report an issue if the warning persists. To disable these warnings, set -Dmaven.project.sourceRoots.warningsDisabled=true on the command line, in the .mvn/maven.config file, or in project POM properties.
2026-06-16 15:10:20,222 [Worker-51: Building] WARN  o.apache.maven.project.MavenProject - Direct modification of testCompileSourceRoots through add() is deprecated and will not work in Maven 4.0.0. Please use the add/remove methods instead. If you're using a plugin that causes this warning, please upgrade to the latest version and report an issue if the warning persists. To disable these warnings, set -Dmaven.project.sourceRoots.warningsDisabled=true on the command line, in the .mvn/maven.config file, or in project POM properties.
2026-06-16 15:48:42,031 [Worker-54: Building] INFO  o.a.m.s.f.DefaultMavenResourcesFiltering - Copying 0 resource from src\main\resources to target\classes
2026-06-16 15:48:42,032 [Worker-54: Building] INFO  o.a.m.s.f.DefaultMavenResourcesFiltering - Copying 0 resource from src\main\resources to target\classes
2026-06-16 15:48:42,035 [Worker-54: Building] INFO  o.a.m.s.f.DefaultMavenResourcesFiltering - skip non existing resourceDirectory C:\Eclipse_Projects\Spring_JPA_H2_RestAPI\ramesh_Spring_JPA_REST_H2_Project\src\test\resources
2026-06-16 15:48:42,036 [Worker-54: Building] WARN  o.apache.maven.project.MavenProject - Direct modification of compileSourceRoots through clear() is deprecated and will not work in Maven 4.0.0. Please use the add/remove methods instead. If you're using a plugin that causes this warning, please upgrade to the latest version and report an issue if the warning persists. To disable these warnings, set -Dmaven.project.sourceRoots.warningsDisabled=true on the command line, in the .mvn/maven.config file, or in project POM properties.
2026-06-16 15:48:42,037 [Worker-54: Building] WARN  o.apache.maven.project.MavenProject - Direct modification of compileSourceRoots through add() is deprecated and will not work in Maven 4.0.0. Please use the add/remove methods instead. If you're using a plugin that causes this warning, please upgrade to the latest version and report an issue if the warning persists. To disable these warnings, set -Dmaven.project.sourceRoots.warningsDisabled=true on the command line, in the .mvn/maven.config file, or in project POM properties.
2026-06-16 15:48:42,038 [Worker-54: Building] WARN  o.apache.maven.project.MavenProject - Direct modification of testCompileSourceRoots through clear() is deprecated and will not work in Maven 4.0.0. Please use the add/remove methods instead. If you're using a plugin that causes this warning, please upgrade to the latest version and report an issue if the warning persists. To disable these warnings, set -Dmaven.project.sourceRoots.warningsDisabled=true on the command line, in the .mvn/maven.config file, or in project POM properties.
2026-06-16 15:48:42,040 [Worker-54: Building] WARN  o.apache.maven.project.MavenProject - Direct modification of testCompileSourceRoots through add() is deprecated and will not work in Maven 4.0.0. Please use the add/remove methods instead. If you're using a plugin that causes this warning, please upgrade to the latest version and report an issue if the warning persists. To disable these warnings, set -Dmaven.project.sourceRoots.warningsDisabled=true on the command line, in the .mvn/maven.config file, or in project POM properties.
2026-06-16 15:49:04,177 [Worker-52: Building] INFO  o.a.m.s.f.DefaultMavenResourcesFiltering - Copying 0 resource from src\main\resources to target\classes
2026-06-16 15:49:04,181 [Worker-52: Building] INFO  o.a.m.s.f.DefaultMavenResourcesFiltering - Copying 0 resource from src\main\resources to target\classes
2026-06-16 15:49:04,183 [Worker-52: Building] INFO  o.a.m.s.f.DefaultMavenResourcesFiltering - skip non existing resourceDirectory C:\Eclipse_Projects\Spring_JPA_H2_RestAPI\ramesh_Spring_JPA_REST_H2_Project\src\test\resources
2026-06-16 15:49:04,183 [Worker-52: Building] WARN  o.apache.maven.project.MavenProject - Direct modification of compileSourceRoots through clear() is deprecated and will not work in Maven 4.0.0. Please use the add/remove methods instead. If you're using a plugin that causes this warning, please upgrade to the latest version and report an issue if the warning persists. To disable these warnings, set -Dmaven.project.sourceRoots.warningsDisabled=true on the command line, in the .mvn/maven.config file, or in project POM properties.
2026-06-16 15:49:04,184 [Worker-52: Building] WARN  o.apache.maven.project.MavenProject - Direct modification of compileSourceRoots through add() is deprecated and will not work in Maven 4.0.0. Please use the add/remove methods instead. If you're using a plugin that causes this warning, please upgrade to the latest version and report an issue if the warning persists. To disable these warnings, set -Dmaven.project.sourceRoots.warningsDisabled=true on the command line, in the .mvn/maven.config file, or in project POM properties.
2026-06-16 15:49:04,185 [Worker-52: Building] WARN  o.apache.maven.project.MavenProject - Direct modification of testCompileSourceRoots through clear() is deprecated and will not work in Maven 4.0.0. Please use the add/remove methods instead. If you're using a plugin that causes this warning, please upgrade to the latest version and report an issue if the warning persists. To disable these warnings, set -Dmaven.project.sourceRoots.warningsDisabled=true on the command line, in the .mvn/maven.config file, or in project POM properties.
2026-06-16 15:49:04,185 [Worker-52: Building] WARN  o.apache.maven.project.MavenProject - Direct modification of testCompileSourceRoots through add() is deprecated and will not work in Maven 4.0.0. Please use the add/remove methods instead. If you're using a plugin that causes this warning, please upgrade to the latest version and report an issue if the warning persists. To disable these warnings, set -Dmaven.project.sourceRoots.warningsDisabled=true on the command line, in the .mvn/maven.config file, or in project POM properties.
2026-06-16 15:50:30,703 [Worker-57: Building] INFO  o.a.m.s.f.DefaultMavenResourcesFiltering - Copying 0 resource from src\main\resources to target\classes
2026-06-16 15:50:30,704 [Worker-57: Building] INFO  o.a.m.s.f.DefaultMavenResourcesFiltering - Copying 0 resource from src\main\resources to target\classes
2026-06-16 15:50:30,707 [Worker-57: Building] INFO  o.a.m.s.f.DefaultMavenResourcesFiltering - skip non existing resourceDirectory C:\Eclipse_Projects\Spring_JPA_H2_RestAPI\ramesh_Spring_JPA_REST_H2_Project\src\test\resources
2026-06-16 15:50:30,707 [Worker-57: Building] WARN  o.apache.maven.project.MavenProject - Direct modification of compileSourceRoots through clear() is deprecated and will not work in Maven 4.0.0. Please use the add/remove methods instead. If you're using a plugin that causes this warning, please upgrade to the latest version and report an issue if the warning persists. To disable these warnings, set -Dmaven.project.sourceRoots.warningsDisabled=true on the command line, in the .mvn/maven.config file, or in project POM properties.
2026-06-16 15:50:30,708 [Worker-57: Building] WARN  o.apache.maven.project.MavenProject - Direct modification of compileSourceRoots through add() is deprecated and will not work in Maven 4.0.0. Please use the add/remove methods instead. If you're using a plugin that causes this warning, please upgrade to the latest version and report an issue if the warning persists. To disable these warnings, set -Dmaven.project.sourceRoots.warningsDisabled=true on the command line, in the .mvn/maven.config file, or in project POM properties.
2026-06-16 15:50:30,709 [Worker-57: Building] WARN  o.apache.maven.project.MavenProject - Direct modification of testCompileSourceRoots through clear() is deprecated and will not work in Maven 4.0.0. Please use the add/remove methods instead. If you're using a plugin that causes this warning, please upgrade to the latest version and report an issue if the warning persists. To disable these warnings, set -Dmaven.project.sourceRoots.warningsDisabled=true on the command line, in the .mvn/maven.config file, or in project POM properties.
2026-06-16 15:50:30,715 [Worker-57: Building] WARN  o.apache.maven.project.MavenProject - Direct modification of testCompileSourceRoots through add() is deprecated and will not work in Maven 4.0.0. Please use the add/remove methods instead. If you're using a plugin that causes this warning, please upgrade to the latest version and report an issue if the warning persists. To disable these warnings, set -Dmaven.project.sourceRoots.warningsDisabled=true on the command line, in the .mvn/maven.config file, or in project POM properties.
2026-06-16 21:41:53,815 [Worker-61: Building] INFO  o.a.m.s.f.DefaultMavenResourcesFiltering - Copying 0 resource from src\main\resources to target\classes
2026-06-16 21:41:53,816 [Worker-61: Building] INFO  o.a.m.s.f.DefaultMavenResourcesFiltering - Copying 0 resource from src\main\resources to target\classes
2026-06-16 21:41:53,819 [Worker-61: Building] INFO  o.a.m.s.f.DefaultMavenResourcesFiltering - skip non existing resourceDirectory C:\Eclipse_Projects\Spring_JPA_H2_RestAPI\ramesh_Spring_JPA_REST_H2_Project\src\test\resources
2026-06-16 21:41:53,820 [Worker-61: Building] WARN  o.apache.maven.project.MavenProject - Direct modification of compileSourceRoots through clear() is deprecated and will not work in Maven 4.0.0. Please use the add/remove methods instead. If you're using a plugin that causes this warning, please upgrade to the latest version and report an issue if the warning persists. To disable these warnings, set -Dmaven.project.sourceRoots.warningsDisabled=true on the command line, in the .mvn/maven.config file, or in project POM properties.
2026-06-16 21:41:53,821 [Worker-61: Building] WARN  o.apache.maven.project.MavenProject - Direct modification of compileSourceRoots through add() is deprecated and will not work in Maven 4.0.0. Please use the add/remove methods instead. If you're using a plugin that causes this warning, please upgrade to the latest version and report an issue if the warning persists. To disable these warnings, set -Dmaven.project.sourceRoots.warningsDisabled=true on the command line, in the .mvn/maven.config file, or in project POM properties.
2026-06-16 21:41:53,821 [Worker-61: Building] WARN  o.apache.maven.project.MavenProject - Direct modification of testCompileSourceRoots through clear() is deprecated and will not work in Maven 4.0.0. Please use the add/remove methods instead. If you're using a plugin that causes this warning, please upgrade to the latest version and report an issue if the warning persists. To disable these warnings, set -Dmaven.project.sourceRoots.warningsDisabled=true on the command line, in the .mvn/maven.config file, or in project POM properties.
2026-06-16 21:41:53,824 [Worker-61: Building] WARN  o.apache.maven.project.MavenProject - Direct modification of testCompileSourceRoots through add() is deprecated and will not work in Maven 4.0.0. Please use the add/remove methods instead. If you're using a plugin that causes this warning, please upgrade to the latest version and report an issue if the warning persists. To disable these warnings, set -Dmaven.project.sourceRoots.warningsDisabled=true on the command line, in the .mvn/maven.config file, or in project POM properties.
2026-06-16 21:42:02,703 [Worker-62: Building] INFO  o.a.m.s.f.DefaultMavenResourcesFiltering - Copying 0 resource from src\main\resources to target\classes
2026-06-16 21:42:02,704 [Worker-62: Building] INFO  o.a.m.s.f.DefaultMavenResourcesFiltering - Copying 0 resource from src\main\resources to target\classes
2026-06-16 21:42:02,706 [Worker-62: Building] INFO  o.a.m.s.f.DefaultMavenResourcesFiltering - skip non existing resourceDirectory C:\Eclipse_Projects\Spring_JPA_H2_RestAPI\ramesh_Spring_JPA_REST_H2_Project\src\test\resources
2026-06-16 21:42:02,707 [Worker-62: Building] WARN  o.apache.maven.project.MavenProject - Direct modification of compileSourceRoots through clear() is deprecated and will not work in Maven 4.0.0. Please use the add/remove methods instead. If you're using a plugin that causes this warning, please upgrade to the latest version and report an issue if the warning persists. To disable these warnings, set -Dmaven.project.sourceRoots.warningsDisabled=true on the command line, in the .mvn/maven.config file, or in project POM properties.
2026-06-16 21:42:02,708 [Worker-62: Building] WARN  o.apache.maven.project.MavenProject - Direct modification of compileSourceRoots through add() is deprecated and will not work in Maven 4.0.0. Please use the add/remove methods instead. If you're using a plugin that causes this warning, please upgrade to the latest version and report an issue if the warning persists. To disable these warnings, set -Dmaven.project.sourceRoots.warningsDisabled=true on the command line, in the .mvn/maven.config file, or in project POM properties.
2026-06-16 21:42:02,708 [Worker-62: Building] WARN  o.apache.maven.project.MavenProject - Direct modification of testCompileSourceRoots through clear() is deprecated and will not work in Maven 4.0.0. Please use the add/remove methods instead. If you're using a plugin that causes this warning, please upgrade to the latest version and report an issue if the warning persists. To disable these warnings, set -Dmaven.project.sourceRoots.warningsDisabled=true on the command line, in the .mvn/maven.config file, or in project POM properties.
2026-06-16 21:42:02,709 [Worker-62: Building] WARN  o.apache.maven.project.MavenProject - Direct modification of testCompileSourceRoots through add() is deprecated and will not work in Maven 4.0.0. Please use the add/remove methods instead. If you're using a plugin that causes this warning, please upgrade to the latest version and report an issue if the warning persists. To disable these warnings, set -Dmaven.project.sourceRoots.warningsDisabled=true on the command line, in the .mvn/maven.config file, or in project POM properties.
2026-06-16 21:42:19,767 [Worker-61: Building] INFO  o.a.m.s.f.DefaultMavenResourcesFiltering - Copying 0 resource from src\main\resources to target\classes
2026-06-16 21:42:19,768 [Worker-61: Building] INFO  o.a.m.s.f.DefaultMavenResourcesFiltering - Copying 0 resource from src\main\resources to target\classes
2026-06-16 21:42:19,770 [Worker-61: Building] INFO  o.a.m.s.f.DefaultMavenResourcesFiltering - skip non existing resourceDirectory C:\Eclipse_Projects\Spring_JPA_H2_RestAPI\ramesh_Spring_JPA_REST_H2_Project\src\test\resources
2026-06-16 21:42:19,770 [Worker-61: Building] WARN  o.apache.maven.project.MavenProject - Direct modification of compileSourceRoots through clear() is deprecated and will not work in Maven 4.0.0. Please use the add/remove methods instead. If you're using a plugin that causes this warning, please upgrade to the latest version and report an issue if the warning persists. To disable these warnings, set -Dmaven.project.sourceRoots.warningsDisabled=true on the command line, in the .mvn/maven.config file, or in project POM properties.
2026-06-16 21:42:19,771 [Worker-61: Building] WARN  o.apache.maven.project.MavenProject - Direct modification of compileSourceRoots through add() is deprecated and will not work in Maven 4.0.0. Please use the add/remove methods instead. If you're using a plugin that causes this warning, please upgrade to the latest version and report an issue if the warning persists. To disable these warnings, set -Dmaven.project.sourceRoots.warningsDisabled=true on the command line, in the .mvn/maven.config file, or in project POM properties.
2026-06-16 21:42:19,772 [Worker-61: Building] WARN  o.apache.maven.project.MavenProject - Direct modification of testCompileSourceRoots through clear() is deprecated and will not work in Maven 4.0.0. Please use the add/remove methods instead. If you're using a plugin that causes this warning, please upgrade to the latest version and report an issue if the warning persists. To disable these warnings, set -Dmaven.project.sourceRoots.warningsDisabled=true on the command line, in the .mvn/maven.config file, or in project POM properties.
2026-06-16 21:42:19,773 [Worker-61: Building] WARN  o.apache.maven.project.MavenProject - Direct modification of testCompileSourceRoots through add() is deprecated and will not work in Maven 4.0.0. Please use the add/remove methods instead. If you're using a plugin that causes this warning, please upgrade to the latest version and report an issue if the warning persists. To disable these warnings, set -Dmaven.project.sourceRoots.warningsDisabled=true on the command line, in the .mvn/maven.config file, or in project POM properties.
2026-07-08 13:53:20,823 [Worker-0: Loading available Gradle versions] INFO  o.e.b.c.i.u.g.PublishedGradleVersions - Gradle version information cache is out-of-date. Trying to update.
2026-07-09 13:33:56,229 [Worker-0: Loading available Gradle versions] INFO  o.e.b.c.i.u.g.PublishedGradleVersions - Gradle version information cache is up-to-date. Trying to read.
